PRIME,AB,A,B,INDEX
1.38131E+13,K8KKQ7JJ,K8KK,Q7JJ,78JJQKKK
1.38131E+13,K8KKJQ5K,K8KK,JQ5K,58JQKKKK
1.38131E+13,K8KK1KJK,K8KK,1KJK,18JKKKKK
1.38131E+13,K8KKQT2J,K8KK,QT2J,28TJQKKK
1.38131E+13,K8KKJ3JK,K8KK,J3JK,38JJKKKK
1.38131E+13,K8KKKQK9,K8KK,KQK9,89QKKKKK
1.38131E+13,K8KKTT4J,K8KK,TT4J,48TTJKKK
1.38131E+13,K8KKK7JK,K8KK,K7JK,78JKKKKK
1.38131E+13,K8KK2QTJ,K8KK,2QTJ,28TJQKKK
1.38131E+13,K8KKQTQ7,K8KK,QTQ7,78TQQKKK
1.15111E+13,J5JKK6TJ,J5JK,K6TJ,56TJJJKK
1.15111E+13,J5JKJ9TK,J5JK,J9TK,59TJJJKK
1.15111E+13,J5JK8KJJ,J5JK,8KJJ,58JJJJKK
1.15111E+13,J5JKJTT3,J5JK,JTT3,35TTJJJK
1.15111E+13,J5JKQJ3J,J5JK,QJ3J,35JJJJQK
1.15111E+13,J5JK2TJJ,J5JK,2TJJ,25TJJJJK
1.15111E+13,J5JKJKT3,J5JK,JKT3,35TJJJKK
1.15111E+13,J5JKQJ9J,J5JK,QJ9J,59JJJJQK
1.15111E+13,J5JKK4KK,J5JK,K4KK,45JJKKKK
1.15111E+13,J5JKQ1KJ,J5JK,Q1KJ,15JJJQKK
1.15111E+13,J5JKQQT3,J5JK,QQT3,35TJJQQK
1.15111E+13,J5JKQKQ9,J5JK,QKQ9,59JJQQKK
1.15111E+13,J5JKQQ8J,J5JK,QQ8J,58JJJQQK
1.15111E+13,J5JKT7KK,J5JK,T7KK,57TJJKKK
1.15111E+13,J5JKJT3K,J5JK,JT3K,35TJJJKK
1.11013E+13,JTQ79KTJ,JTQ7,9KTJ,79TTJJQK
1.11013E+13,JTQ7KT6J,JTQ7,KT6J,67TTJJQK
1.11013E+13,JTQ7TQ4J,JTQ7,TQ4J,47TTJJQQ
1.11013E+13,JTQ79QQK,JTQ7,9QQK,79TJQQQK
1.11013E+13,JTQ7QQ6K,JTQ7,QQ6K,67TJQQQK
1.11013E+13,JTQ7QQQ1,JTQ7,QQQ1,17TJQQQQ
1.11013E+13,JTQ7K2QK,JTQ7,K2QK,27TJQQKK
1.11013E+13,JTQ7QTQ3,JTQ7,QTQ3,37TTJQQQ
1.11013E+13,JTQ72TJJ,JTQ7,2TJJ,27TTJJJQ
1.11013E+13,JTQ7TTK1,JTQ7,TTK1,17TTTJQK
1.11013E+13,JTQ7KJT3,JTQ7,KJT3,37TTJJQK
1.11013E+13,JTQ7J9KK,JTQ7,J9KK,79TJJQKK
1.11013E+13,JTQ7KTJ9,JTQ7,KTJ9,79TTJJQK
1.11013E+13,JTQ75JTJ,JTQ7,5JTJ,57TTJJJQ
1.11013E+13,JTQ7KK9J,JTQ7,KK9J,79TJJQKK
9.13101E+13,9KTJJJ2K,9KTJ,JJ2K,29TJJJKK
9.13101E+13,9KTJ1JQK,9KTJ,1JQK,19TJJQKK
9.13101E+13,9KTJ3JKK,9KTJ,3JKK,39TJJKKK
9.13101E+13,9KTJ9QQK,9KTJ,9QQK,99TJQQKK
9.13101E+13,9KTJ4QJK,9KTJ,4QJK,49TJJQKK
9.13101E+13,9KTJK2QK,9KTJ,K2QK,29TJQKKK
9.13101E+13,9KTJQJ9J,9KTJ,QJ9J,99TJJJQK
9.13101E+13,9KTJKTK7,9KTJ,KTK7,79TTJKKK
9.13101E+13,9KTJK8QK,9KTJ,K8QK,89TJQKKK
9.13101E+13,9KTJQQ8J,9KTJ,QQ8J,89TJJQQK
9.13101E+13,9KTJJ1QK,9KTJ,J1QK,19TJJQKK
1.01221E+13,TQ2KJ5JK,TQ2K,J5JK,25TJJQKK
1.01221E+13,TQ2KJT9K,TQ2K,JT9K,29TTJQKK
1.01221E+13,TQ2K4JQK,TQ2K,4JQK,24TJQQKK
1.01221E+13,TQ2K4KKK,TQ2K,4KKK,24TQKKKK
1.01221E+13,TQ2KK2QK,TQ2K,K2QK,22TQQKKK
1.01221E+13,TQ2KJQJ3,TQ2K,JQJ3,23TJJQQK
1.01221E+13,TQ2KQTQ3,TQ2K,QTQ3,23TTQQQK
1.01221E+13,TQ2K2TJJ,TQ2K,2TJJ,22TTJJQK
1.01221E+13,TQ2KK8QK,TQ2K,K8QK,28TQQKKK
1.01221E+13,TQ2KJQ4K,TQ2K,JQ4K,24TJQQKK
1.01221E+13,TQ2KKTJ9,TQ2K,KTJ9,29TTJQKK
1.01221E+13,TQ2KTK7K,TQ2K,TK7K,27TTQKKK
1.01221E+13,TQ2KK9TJ,TQ2K,K9TJ,29TTJQKK
1.01221E+13,TQ2KJQ1K,TQ2K,JQ1K,12TJQQKK
8.12101E+13,8QTKK6TJ,8QTK,K6TJ,68TTJQKK
8.12101E+13,8QTK3JKK,8QTK,3JKK,38TJQKKK
8.12101E+13,8QTKJQ6J,8QTK,JQ6J,68TJJQQK
8.12101E+13,8QTK4QJK,8QTK,4QJK,48TJQQKK
8.12101E+13,8QTKJ2TJ,8QTK,J2TJ,28TTJJQK
8.12101E+13,8QTK3TKJ,8QTK,3TKJ,38TTJQKK
8.12101E+13,8QTKK8JJ,8QTK,K8JJ,88TJJQKK
8.12101E+13,8QTKKTK7,8QTK,KTK7,78TTQKKK
8.12101E+13,8QTKJQ4K,8QTK,JQ4K,48TJQQKK
8.12101E+13,8QTK5QQJ,8QTK,5QQJ,58TJQQQK
8.12101E+13,8QTKT7KK,8QTK,T7KK,78TTQKKK
8.12101E+13,8QTK5JTJ,8QTK,5JTJ,58TTJJQK
8.12101E+13,8QTK1QTJ,8QTK,1QTJ,18TTJQQK
1.11121E+13,JJ2KJTQ7,JJ2K,JTQ7,27TJJJQK
1.11121E+13,JJ2KJ9TK,JJ2K,J9TK,29TJJJKK
1.11121E+13,JJ2KJQ6J,JJ2K,JQ6J,26JJJJQK
1.11121E+13,JJ2KQTQ3,JJ2K,QTQ3,23TJJQQK
1.11121E+13,JJ2KTTK1,JJ2K,TTK1,12TTJJKK
1.11121E+13,JJ2KQJ9J,JJ2K,QJ9J,29JJJJQK
1.11121E+13,JJ2KJQ4K,JJ2K,JQ4K,24JJJQKK
1.11121E+13,JJ2KJ7JJ,JJ2K,J7JJ,27JJJJJK
1.11121E+13,JJ2KQKQ9,JJ2K,QKQ9,29JJQQKK
1.11121E+13,JJ2KQ9JJ,JJ2K,Q9JJ,29JJJJQK
2.11131E+13,2JKJKJT9,2JKJ,KJT9,29TJJJKK
2.11131E+13,2JKJJJ7J,2JKJ,JJ7J,27JJJJJK
2.11131E+13,2JKJKQ4J,2JKJ,KQ4J,24JJJQKK
2.11131E+13,2JKJKTJ9,2JKJ,KTJ9,29TJJJKK
2.11131E+13,2JKJ5QQJ,2JKJ,5QQJ,25JJJQQK
2.11131E+13,2JKJJQK1,2JKJ,JQK1,12JJJQKK
2.11131E+13,2JKJ8JTJ,2JKJ,8JTJ,28TJJJJK
2.11131E+13,2JKJJ8KJ,2JKJ,J8KJ,28JJJJKK
1.01281E+13,TQ8JJK7K,TQ8J,JK7K,78TJJQKK
1.01281E+13,TQ8JT7KJ,TQ8J,T7KJ,78TTJJQK
1.01281E+13,TQ8JJKK7,TQ8J,JKK7,78TJJQKK
1.01281E+13,TQ8J4TTJ,TQ8J,4TTJ,48TTTJJQ
1.01281E+13,TQ8JQ6KK,TQ8J,Q6KK,68TJQQKK
1.01281E+13,TQ8JJ6TJ,TQ8J,J6TJ,68TTJJJQ
1.01281E+13,TQ8JTT4J,TQ8J,TT4J,48TTTJJQ
1.11121E+13,J1QJTQ8J,J1QJ,TQ8J,18TJJJQQ
1.11121E+13,J1QJQ3KK,J1QJ,Q3KK,13JJQQKK
1.11121E+13,J1QJ2TKK,J1QJ,2TKK,12TJJQKK
1.11121E+13,J1QJQ5TJ,J1QJ,Q5TJ,15TJJJQQ
1.11121E+13,J1QJTK7J,J1QJ,TK7J,17TJJJQK
1.11121E+13,J1QJJ4TK,J1QJ,J4TK,14TJJJQK
1.11121E+13,J1QJQQ6J,J1QJ,QQ6J,16JJJQQQ
1.11121E+13,J1QJQQJ9,J1QJ,QQJ9,19JJJQQQ
1.11121E+13,J1QJJT3J,J1QJ,JT3J,13TJJJJQ
1.11121E+13,J1QJTT4J,J1QJ,TT4J,14TTJJJQ
1.11121E+13,J1QJJT4K,J1QJ,JT4K,14TJJJQK
1.11121E+13,J1QJQTQ7,J1QJ,QTQ7,17TJJQQQ
1.19101E+13,J9TJJ1QJ,J9TJ,J1QJ,19TJJJJQ
1.19101E+13,J9TJT7KJ,J9TJ,T7KJ,79TTJJJK
1.19101E+13,J9TJ2KTK,J9TJ,2KTK,29TTJJKK
1.19101E+13,J9TJQ3KK,J9TJ,Q3KK,39TJJQKK
1.19101E+13,J9TJ1JQJ,J9TJ,1JQJ,19TJJJJQ
1.19101E+13,J9TJJJ2J,J9TJ,JJ2J,29TJJJJJ
1.19101E+13,J9TJKTJ7,J9TJ,KTJ7,79TTJJJK
1.19101E+13,J9TJJT7K,J9TJ,JT7K,79TTJJJK
1.36101E+13,K6TJJT9K,K6TJ,JT9K,69TTJJKK
1.36101E+13,K6TJKT3J,K6TJ,KT3J,36TTJJKK
1.36101E+13,K6TJ4TKK,K6TJ,4TKK,46TTJKKK
1.36101E+13,K6TJ4QJK,K6TJ,4QJK,46TJJQKK
1.36101E+13,K6TJJ6KK,K6TJ,J6KK,66TJJKKK
1.36101E+13,K6TJ2TQK,K6TJ,2TQK,26TTJQKK
1.36101E+13,K6TJ3TKJ,K6TJ,3TKJ,36TTJJKK
1.36101E+13,K6TJJTT3,K6TJ,JTT3,36TTTJJK
1.36101E+13,K6TJK8QK,K6TJ,K8QK,68TJQKKK
1.36101E+13,K6TJK4KK,K6TJ,K4KK,46TJKKKK
1.36101E+13,K6TJJQ9J,K6TJ,JQ9J,69TJJJQK
1.36101E+13,K6TJJQT7,K6TJ,JQT7,67TTJJQK
1.36101E+13,K6TJ1TQJ,K6TJ,1TQJ,16TTJJQK
1.36101E+13,K6TJTQ5K,K6TJ,TQ5K,56TTJQKK
1.36101E+13,K6TJ3KKJ,K6TJ,3KKJ,36TJJKKK
1.31061E+13,KT6JTQ2K,KT6J,TQ2K,26TTJQKK
1.31061E+13,KT6J3JKK,KT6J,3JKK,36TJJKKK
1.31061E+13,KT6JTJK9,KT6J,TJK9,69TTJJKK
1.31061E+13,KT6JKJT9,KT6J,KJT9,69TTJJKK
1.31061E+13,KT6J4QTJ,KT6J,4QTJ,46TTJJQK
1.31061E+13,KT6JJQ9J,KT6J,JQ9J,69TJJJQK
1.31061E+13,KT6JJQK1,KT6J,JQK1,16TJJQKK
1.31061E+13,KT6JQ9JJ,KT6J,Q9JJ,69TJJJQK
1.31061E+13,KT6JT1TK,KT6J,T1TK,16TTTJKK
1.11091E+13,JT9K9KTJ,JT9K,9KTJ,99TTJJKK
1.11091E+13,JT9K8QTK,JT9K,8QTK,89TTJQKK
1.11091E+13,JT9K4JQK,JT9K,4JQK,49TJJQKK
1.11091E+13,JT9KQT7J,JT9K,QT7J,79TTJJQK
1.11091E+13,JT9KJ6KK,JT9K,J6KK,69TJJKKK
1.11091E+13,JT9K6TKJ,JT9K,6TKJ,69TTJJKK
1.11091E+13,JT9KJKT3,JT9K,JKT3,39TTJJKK
1.11091E+13,JT9KJ9KK,JT9K,J9KK,99TJJKKK
1.11091E+13,JT9KQQT3,JT9K,QQT3,39TTJQQK
1.11091E+13,JT9K5KJJ,JT9K,5KJJ,59TJJJKK
1.11091E+13,JT9KJT3K,JT9K,JT3K,39TTJJKK
1.11091E+13,JT9KK5JJ,JT9K,K5JJ,59TJJJKK
1.11061E+13,JT6JQ9QJ,JT6J,Q9QJ,69TJJJQQ
1.11061E+13,JT6JTJK7,JT6J,TJK7,67TTJJJK
1.11061E+13,JT6JKQK3,JT6J,KQK3,36TJJQKK
1.11061E+13,JT6J8QTJ,JT6J,8QTJ,68TTJJJQ
1.11061E+13,JT6JTK8K,JT6J,TK8K,68TTJJKK
1.11061E+13,JT6JJQ5K,JT6J,JQ5K,56TJJJQK
1.11061E+13,JT6JQ2JK,JT6J,Q2JK,26TJJJQK
1.11061E+13,JT6JQ6KK,JT6J,Q6KK,66TJJQKK
1.11061E+13,JT6JJT7K,JT6J,JT7K,67TTJJJK
1.11061E+13,JT6J5QJK,JT6J,5QJK,56TJJJQK
1.31031E+13,KT3JJJ2K,KT3J,JJ2K,23TJJJKK
1.31031E+13,KT3J1JQK,KT3J,1JQK,13TJJQKK
1.31031E+13,KT3JTJK9,KT3J,TJK9,39TTJJKK
1.31031E+13,KT3JJ2TJ,KT3J,J2TJ,23TTJJJK
1.31031E+13,KT3J7TKK,KT3J,7TKK,37TTJKKK
1.31031E+13,KT3JJJ7J,KT3J,JJ7J,37TJJJJK
1.31031E+13,KT3JK8JJ,KT3J,K8JJ,38TJJJKK
1.31031E+13,KT3JKTK7,KT3J,KTK7,37TTJKKK
1.31031E+13,KT3J6JTK,KT3J,6JTK,36TTJJKK
1.31031E+13,KT3JJ1QK,KT3J,J1QK,13TJJQKK
1.31031E+13,KT3J1QTJ,KT3J,1QTJ,13TTJJQK
4.12111E+13,4QJJK8KK,4QJJ,K8KK,48JJQKKK
4.12111E+13,4QJJK1KJ,4QJJ,K1KJ,14JJJQKK
4.12111E+13,4QJJKJK1,4QJJ,KJK1,14JJJQKK
4.12111E+13,4QJJQ9QJ,4QJJ,Q9QJ,49JJJQQQ
4.12111E+13,4QJJKJ3J,4QJJ,KJ3J,34JJJJQK
4.12111E+13,4QJJTJK7,4QJJ,TJK7,47TJJJQK
4.12111E+13,4QJJ4QQK,4QJJ,4QQK,44JJQQQK
4.12111E+13,4QJJ4TTJ,4QJJ,4TTJ,44TTJJJQ
4.12111E+13,4QJJQK9K,4QJJ,QK9K,49JJQQKK
4.12111E+13,4QJJJT4K,4QJJ,JT4K,44TJJJQK
1.19101E+13,J9TKJTQ7,J9TK,JTQ7,79TTJJQK
1.19101E+13,J9TKQQ6K,J9TK,QQ6K,69TJQQKK
1.19101E+13,J9TKQK2K,J9TK,QK2K,29TJQKKK
1.19101E+13,J9TKTTK1,J9TK,TTK1,19TTTJKK
1.19101E+13,J9TKK8JJ,J9TK,K8JJ,89TJJJKK
1.19101E+13,J9TKTK7K,J9TK,TK7K,79TTJKKK
1.19101E+13,J9TKT7KK,J9TK,T7KK,79TTJKKK
1.05131E+13,T5KKJ1QJ,T5KK,J1QJ,15TJJQKK
1.05131E+13,T5KK6TQK,T5KK,6TQK,56TTQKKK
1.05131E+13,T5KK2KTK,T5KK,2KTK,25TTKKKK
1.05131E+13,T5KKQTT3,T5KK,QTT3,35TTTQKK
1.05131E+13,T5KK1JQJ,T5KK,1JQJ,15TJJQKK
1.05131E+13,T5KKJJ2J,T5KK,JJ2J,25TJJJKK
1.05131E+13,T5KKT4KJ,T5KK,T4KJ,45TTJKKK
1.05131E+13,T5KKQQ6J,T5KK,QQ6J,56TJQQKK
1.05131E+13,T5KK6JTJ,T5KK,6JTJ,56TTJJKK
1.11213E+13,JQQ9KJK1,JQQ9,KJK1,19JJQQKK
1.11213E+13,JQQ96TQK,JQQ9,6TQK,69TJQQQK
1.11213E+13,JQQ94QQK,JQQ9,4QQK,49JQQQQK
1.11213E+13,JQQ9QJ4J,JQQ9,QJ4J,49JJJQQQ
1.11213E+13,JQQ9Q6KK,JQQ9,Q6KK,69JQQQKK
1.11213E+13,JQQ9KQ2J,JQQ9,KQ2J,29JJQQQK
1.31131E+13,K1KJTQ8J,K1KJ,TQ8J,18TJJQKK
1.31131E+13,K1KJ1JTK,K1KJ,1JTK,11TJJKKK
1.31131E+13,K1KJJ6JK,K1KJ,J6JK,16JJJKKK
1.31131E+13,K1KJQ3KK,K1KJ,Q3KK,13JQKKKK
1.31131E+13,K1KJJ1TK,K1KJ,J1TK,11TJJKKK
1.31131E+13,K1KJ4TTJ,K1KJ,4TTJ,14TTJJKK
1.31131E+13,K1KJQ2JK,K1KJ,Q2JK,12JJQKKK
1.31131E+13,K1KJQTQ7,K1KJ,QTQ7,17TJQQKK
1.31113E+13,KJK1JQQ9,KJK1,JQQ9,19JJQQKK
1.31113E+13,KJK1TJK7,KJK1,TJK7,17TJJKKK
1.31113E+13,KJK1TK7J,KJK1,TK7J,17TJJKKK
1.31113E+13,KJK1QKT9,KJK1,QKT9,19TJQKKK
1.31113E+13,KJK1QJ8K,KJK1,QJ8K,18JJQKKK
1.31113E+13,KJK1JT3J,KJK1,JT3J,13TJJJKK
1.31113E+13,KJK1TTQ9,KJK1,TTQ9,19TTJQKK
1.06131E+13,T6KJTQ2K,T6KJ,TQ2K,26TTJQKK
1.06131E+13,T6KJTQ4J,T6KJ,TQ4J,46TTJJQK
1.06131E+13,T6KJ3KJK,T6KJ,3KJK,36TJJKKK
1.06131E+13,T6KJ4KKK,T6KJ,4KKK,46TJKKKK
1.06131E+13,T6KJJ6KK,T6KJ,J6KK,66TJJKKK
1.06131E+13,T6KJ8KJJ,T6KJ,8KJJ,68TJJJKK
1.06131E+13,T6KJKJT9,T6KJ,KJT9,69TTJJKK
1.06131E+13,T6KJKTJ9,T6KJ,KTJ9,69TTJJKK
1.06131E+13,T6KJJQ9J,T6KJ,JQ9J,69TJJJQK
1.06131E+13,T6KJKQ5K,T6KJ,KQ5K,56TJQKKK
1.11121E+13,1JQKJTQ7,1JQK,JTQ7,17TJJQQK
1.11121E+13,1JQKJ9TK,1JQK,J9TK,19TJJQKK
1.11121E+13,1JQKJQ6J,1JQK,JQ6J,16JJJQQK
1.11121E+13,1JQKQTQ3,1JQK,QTQ3,13TJQQQK
1.11121E+13,1JQKTTK1,1JQK,TTK1,11TTJQKK
1.11121E+13,1JQKQJ9J,1JQK,QJ9J,19JJJQQK
1.11121E+13,1JQKJQ4K,1JQK,JQ4K,14JJQQKK
1.11121E+13,1JQKJ7JJ,1JQK,J7JJ,17JJJJQK
1.11121E+13,1JQKQKQ9,1JQK,QKQ9,19JQQQKK
1.11121E+13,1JQKQ9JJ,1JQK,Q9JJ,19JJJQQK
6.10121E+13,6TQK4QJJ,6TQK,4QJJ,46TJJQQK
6.10121E+13,6TQKJQQ9,6TQK,JQQ9,69TJQQQK
6.10121E+13,6TQKQ7JJ,6TQK,Q7JJ,67TJJQQK
6.10121E+13,6TQKQJ4J,6TQK,QJ4J,46TJJQQK
6.10121E+13,6TQKTK7J,6TQK,TK7J,67TTJQKK
6.10121E+13,6TQKKK8K,6TQK,KK8K,68TQKKKK
6.10121E+13,6TQKQQJ9,6TQK,QQJ9,69TJQQQK
1.01241E+13,TQ4J9KTJ,TQ4J,9KTJ,49TTJJQK
1.01241E+13,TQ4JJ9TK,TQ4J,J9TK,49TTJJQK
1.01241E+13,TQ4JQQ6K,TQ4J,QQ6K,46TJQQQK
1.01241E+13,TQ4JQK2K,TQ4J,QK2K,24TJQQKK
1.01241E+13,TQ4JTTK1,TQ4J,TTK1,14TTTJQK
1.01241E+13,TQ4JKK3J,TQ4J,KK3J,34TJJQKK
1.01241E+13,TQ4JJQ9J,TQ4J,JQ9J,49TJJJQQ
1.01241E+13,TQ4JK5QK,TQ4J,K5QK,45TJQQKK
3.13111E+13,3KJK8QTK,3KJK,8QTK,38TJQKKK
3.13111E+13,3KJKJT9K,3KJK,JT9K,39TJJKKK
3.13111E+13,3KJKQJ9J,3KJK,QJ9J,39JJJQKK
3.13111E+13,3KJKK8QK,3KJK,K8QK,38JQKKKK
3.13111E+13,3KJKKTJ9,3KJK,KTJ9,39TJJKKK
3.13111E+13,3KJKKK3J,3KJK,KK3J,33JJKKKK
3.13111E+13,3KJKKK9J,3KJK,KK9J,39JJKKKK
3.13111E+13,3KJKJ8KJ,3KJK,J8KJ,38JJJKKK
3.13111E+13,3KJKK5JJ,3KJK,K5JJ,35JJJKKK
1.27111E+13,Q7JJKJK1,Q7JJ,KJK1,17JJJQKK
1.27111E+13,Q7JJJK7K,Q7JJ,JK7K,77JJJQKK
1.27111E+13,Q7JJ4QQK,Q7JJ,4QQK,47JJQQQK
1.27111E+13,Q7JJ8QTJ,Q7JJ,8QTJ,78TJJJQQ
1.27111E+13,Q7JJQKK3,Q7JJ,QKK3,37JJQQKK
1.27111E+13,Q7JJJT7K,Q7JJ,JT7K,77TJJJQK
1.27111E+13,Q7JJKQK9,Q7JJ,KQK9,79JJQQKK
1.11371E+13,JK7KQ7JJ,JK7K,Q7JJ,77JJJQKK
1.11371E+13,JK7K2TKK,JK7K,2TKK,27TJKKKK
1.11371E+13,JK7KJKK7,JK7K,JKK7,77JJKKKK
1.11371E+13,JK7KKQK3,JK7K,KQK3,37JQKKKK
1.11371E+13,JK7KKTJ7,JK7K,KTJ7,77TJJKKK
1.11371E+13,JK7KQ2JK,JK7K,Q2JK,27JJQKKK
1.11371E+13,JK7KKK8K,JK7K,KK8K,78JKKKKK
1.11371E+13,JK7KQT2J,JK7K,QT2J,27TJJQKK
1.11371E+13,JK7KJT7K,JK7K,JT7K,77TJJKKK
1.11371E+13,JK7K5QJK,JK7K,5QJK,57JJQKKK
3.11131E+13,3JKKJJ2K,3JKK,JJ2K,23JJJKKK
3.11131E+13,3JKKKT3J,3JKK,KT3J,33TJJKKK
3.11131E+13,3JKKJ9TK,3JKK,J9TK,39TJJKKK
3.11131E+13,3JKK1JQK,3JKK,1JQK,13JJQKKK
3.11131E+13,3JKK2TQK,3JKK,2TQK,23TJQKKK
3.11131E+13,3JKK3JTK,3JKK,3JTK,33TJJKKK
3.11131E+13,3JKK5JTJ,3JKK,5JTJ,35TJJJKK
3.11131E+13,3JKKK9TJ,3JKK,K9TJ,39TJJKKK
3.11131E+13,3JKKKK9J,3JKK,KK9J,39JJKKKK
3.11131E+13,3JKKJ1QK,3JKK,J1QK,13JJQKKK
1.07131E+13,T7KJJ1QJ,T7KJ,J1QJ,17TJJJQK
1.07131E+13,T7KJK1KJ,T7KJ,K1KJ,17TJJKKK
1.07131E+13,T7KJKJK1,T7KJ,KJK1,17TJJKKK
1.07131E+13,T7KJKJ3J,T7KJ,KJ3J,37TJJJKK
1.07131E+13,T7KJQ3KK,T7KJ,Q3KK,37TJQKKK
1.07131E+13,T7KJKTQ3,T7KJ,KTQ3,37TTJQKK
1.07131E+13,T7KJTK7J,T7KJ,TK7J,77TTJJKK
1.07131E+13,T7KJQKT9,T7KJ,QKT9,79TTJQKK
1.07131E+13,T7KJ1JQJ,T7KJ,1JQJ,17TJJJQK
1.07131E+13,T7KJJJ2J,T7KJ,JJ2J,27TJJJJK
1.07131E+13,T7KJ6TJJ,T7KJ,6TJJ,67TTJJJK
1.07131E+13,T7KJKK8K,T7KJ,KK8K,78TJKKKK
1.07131E+13,T7KJQQ6J,T7KJ,QQ6J,67TJJQQK
1.29121E+13,Q9QJTQ8J,Q9QJ,TQ8J,89TJJQQQ
1.29121E+13,Q9QJJQQ9,Q9QJ,JQQ9,99JJQQQQ
1.29121E+13,Q9QJQJ4J,Q9QJ,QJ4J,49JJJQQQ
1.29121E+13,Q9QJ8QTJ,Q9QJ,8QTJ,89TJJQQQ
1.29121E+13,Q9QJJQ5K,Q9QJ,JQ5K,59JJQQQK
1.29121E+13,Q9QJ4TTJ,Q9QJ,4TTJ,49TTJJQQ
1.29121E+13,Q9QJTQK3,Q9QJ,TQK3,39TJQQQK
1.29121E+13,Q9QJKK8K,Q9QJ,KK8K,89JQQKKK
1.29121E+13,Q9QJQK9K,Q9QJ,QK9K,99JQQQKK
1.29121E+13,Q9QJTT4J,Q9QJ,TT4J,49TTJJQQ
1.29121E+13,Q9QJTTQ9,Q9QJ,TTQ9,99TTJQQQ
1.29121E+13,Q9QJK7JK,Q9QJ,K7JK,79JJQQKK
1.29121E+13,Q9QJ5KQJ,Q9QJ,5KQJ,59JJQQQK
1.16111E+13,J6JKJQQ9,J6JK,JQQ9,69JJJQQK
1.16111E+13,J6JKT7KJ,J6JK,T7KJ,67TJJJKK
1.16111E+13,J6JK2KTK,J6JK,2KTK,26TJJKKK
1.16111E+13,J6JKQKK3,J6JK,QKK3,36JJQKKK
1.16111E+13,J6JK5TQJ,J6JK,5TQJ,56TJJJQK
1.16111E+13,J6JKJQ5K,J6JK,JQ5K,56JJJQKK
1.16111E+13,J6JK4TTJ,J6JK,4TTJ,46TTJJJK
1.16111E+13,J6JK1KJK,J6JK,1KJK,16JJJKKK
1.16111E+13,J6JKJ4TK,J6JK,J4TK,46TJJJKK
1.16111E+13,J6JKJ3JK,J6JK,J3JK,36JJJJKK
1.16111E+13,J6JKTJT7,J6JK,TJT7,67TTJJJK
1.16111E+13,J6JKTT4J,J6JK,TT4J,46TTJJJK
1.16111E+13,J6JKJT4K,J6JK,JT4K,46TJJJKK
2.13101E+13,2KTK1JTK,2KTK,1JTK,12TTJKKK
2.13101E+13,2KTKT7KJ,2KTK,T7KJ,27TTJKKK
2.13101E+13,2KTKJ6JK,2KTK,J6JK,26TJJKKK
2.13101E+13,2KTKQTT3,2KTK,QTT3,23TTTQKK
2.13101E+13,2KTKTK7J,2KTK,TK7J,27TTJKKK
2.13101E+13,2KTKJ1TK,2KTK,J1TK,12TTJKKK
2.13101E+13,2KTKKK8K,2KTK,KK8K,28TKKKKK
2.13101E+13,2KTKTJT7,2KTK,TJT7,27TTTJKK
2.13101E+13,2KTKJT4K,2KTK,JT4K,24TTJKKK
2.13101E+13,2KTKQTQ7,2KTK,QTQ7,27TTQQKK
1.01114E+13,TJK99KTJ,TJK9,9KTJ,99TTJJKK
1.01114E+13,TJK94KKK,TJK9,4KKK,49TJKKKK
1.01114E+13,TJK94TKK,TJK9,4TKK,49TTJKKK
1.01114E+13,TJK9QK2K,TJK9,QK2K,29TJQKKK
1.01114E+13,TJK9JJ7J,TJK9,JJ7J,79TJJJJK
1.01114E+13,TJK9K8JJ,TJK9,K8JJ,89TJJJKK
1.01114E+13,TJK9KK3J,TJK9,KK3J,39TJJKKK
1.01114E+13,TJK9K5QK,TJK9,K5QK,59TJQKKK
4.11121E+13,4JQKT6KJ,4JQK,T6KJ,46TJJQKK
4.11121E+13,4JQKTJK9,4JQK,TJK9,49TJJQKK
4.11121E+13,4JQK7TKK,4JQK,7TKK,47TJQKKK
4.11121E+13,4JQK2TJJ,4JQK,2TJJ,24TJJJQK
4.11121E+13,4JQKTTK1,4JQK,TTK1,14TTJQKK
4.11121E+13,4JQKK4KK,4JQK,K4KK,44JQKKKK
4.11121E+13,4JQKK9JK,4JQK,K9JK,49JJQKKK
4.11121E+13,4JQKT7KK,4JQK,T7KK,47TJQKKK
4.11121E+13,4JQKK9TJ,4JQK,K9TJ,49TJJQKK
1.31131E+13,KJ3JTQ8J,KJ3J,TQ8J,38TJJJQK
1.31131E+13,KJ3J1JTK,KJ3J,1JTK,13TJJJKK
1.31131E+13,KJ3JJ6JK,KJ3J,J6JK,36JJJJKK
1.31131E+13,KJ3JQ3KK,KJ3J,Q3KK,33JJQKKK
1.31131E+13,KJ3JJ1TK,KJ3J,J1TK,13TJJJKK
1.31131E+13,KJ3J4TTJ,KJ3J,4TTJ,34TTJJJK
1.31131E+13,KJ3JQ2JK,KJ3J,Q2JK,23JJJQKK
1.31131E+13,KJ3JQTQ7,KJ3J,QTQ7,37TJJQQK
1.23131E+13,Q3KKJKK7,Q3KK,JKK7,37JQKKKK
1.23131E+13,Q3KKQTT3,Q3KK,QTT3,33TTQQKK
1.23131E+13,Q3KKKQK3,Q3KK,KQK3,33QQKKKK
1.23131E+13,Q3KKQKK3,Q3KK,QKK3,33QQKKKK
1.23131E+13,Q3KKQT6K,Q3KK,QT6K,36TQQKKK
1.23131E+13,Q3KK4TTJ,Q3KK,4TTJ,34TTJQKK
1.23131E+13,Q3KKT4KJ,Q3KK,T4KJ,34TJQKKK
1.23131E+13,Q3KKJ4TK,Q3KK,J4TK,34TJQKKK
1.23131E+13,Q3KKQQ6J,Q3KK,QQ6J,36JQQQKK
1.23131E+13,Q3KKTTQ9,Q3KK,TTQ9,39TTQQKK
4.13131E+13,4KKKJTQ7,4KKK,JTQ7,47TJQKKK
4.13131E+13,4KKKTQ4J,4KKK,TQ4J,44TJQKKK
4.13131E+13,4KKK3KJK,4KKK,3KJK,34JKKKKK
4.13131E+13,4KKKJQ6J,4KKK,JQ6J,46JJQKKK
4.13131E+13,4KKK3JTK,4KKK,3JTK,34TJKKKK
4.13131E+13,4KKKQ8QJ,4KKK,Q8QJ,48JQQKKK
4.13131E+13,4KKKJ9KK,4KKK,J9KK,49JKKKKK
1.01114E+13,TJK7K8KK,TJK7,K8KK,78TJKKKK
1.01114E+13,TJK7QJ4J,TJK7,QJ4J,47TJJJQK
1.01114E+13,TJK76TJJ,TJK7,6TJJ,67TTJJJK
1.01114E+13,TJK7QT2J,TJK7,QT2J,27TTJJQK
1.11261E+13,JQ6JTQ2K,JQ6J,TQ2K,26TJJQQK
1.11261E+13,JQ6JJT9K,JQ6J,JT9K,69TJJJQK
1.11261E+13,JQ6J3KJK,JQ6J,3KJK,36JJJQKK
1.11261E+13,JQ6J9QQK,JQ6J,9QQK,69JJQQQK
1.11261E+13,JQ6J4QJK,JQ6J,4QJK,46JJJQQK
1.11261E+13,JQ6JJ2TJ,JQ6J,J2TJ,26TJJJJQ
1.11261E+13,JQ6J7TKK,JQ6J,7TKK,67TJJQKK
1.11261E+13,JQ6JQJ9J,JQ6J,QJ9J,69JJJJQQ
1.11261E+13,JQ6JK8QK,JQ6J,K8QK,68JJQQKK
1.11261E+13,JQ6JJQ9J,JQ6J,JQ9J,69JJJJQQ
1.11261E+13,JQ6J1TQJ,JQ6J,1TQJ,16TJJJQQ
1.11261E+13,JQ6JQT4J,JQ6J,QT4J,46TJJJQQ
1.11261E+13,JQ6J1QTJ,JQ6J,1QTJ,16TJJJQQ
4.10131E+13,4TKKKT6J,4TKK,KT6J,46TTJKKK
4.10131E+13,4TKKT6KJ,4TKK,T6KJ,46TTJKKK
4.10131E+13,4TKK2TQK,4TKK,2TQK,24TTQKKK
4.10131E+13,4TKKK2QK,4TKK,K2QK,24TQKKKK
4.10131E+13,4TKKK8JJ,4TKK,K8JJ,48TJJKKK
4.10131E+13,4TKKJQ4K,4TKK,JQ4K,44TJQKKK
4.10131E+13,4TKKJ9KK,4TKK,J9KK,49TJKKKK
4.10131E+13,4TKKQQT3,4TKK,QQT3,34TTQQKK
4.10131E+13,4TKKQT4J,4TKK,QT4J,44TTJQKK
4.10131E+13,4TKKKK9J,4TKK,KK9J,49TJKKKK
2.10131E+13,2TKKJ1QJ,2TKK,J1QJ,12TJJQKK
2.10131E+13,2TKKK1KJ,2TKK,K1KJ,12TJKKKK
2.10131E+13,2TKKT7KJ,2TKK,T7KJ,27TTJKKK
2.10131E+13,2TKKKJ3J,2TKK,KJ3J,23TJJKKK
2.10131E+13,2TKKJKK7,2TKK,JKK7,27TJKKKK
2.10131E+13,2TKKKQK3,2TKK,KQK3,23TQKKKK
2.10131E+13,2TKK1JQJ,2TKK,1JQJ,12TJJQKK
2.10131E+13,2TKKJJ2J,2TKK,JJ2J,22TJJJKK
2.10131E+13,2TKKQ2JK,2TKK,Q2JK,22TJQKKK
2.10131E+13,2TKKQQ6J,2TKK,QQ6J,26TJQQKK
2.10131E+13,2TKK2QTJ,2TKK,2QTJ,22TTJQKK
4.12121E+13,4QQKK8KK,4QQK,K8KK,48QQKKKK
4.12121E+13,4QQKT5KK,4QQK,T5KK,45TQQKKK
4.12121E+13,4QQK1JTK,4QQK,1JTK,14TJQQKK
4.12121E+13,4QQKKTQ3,4QQK,KTQ3,34TQQQKK
4.12121E+13,4QQKJ1TK,4QQK,J1TK,14TJQQKK
4.12121E+13,4QQKQ9KK,4QQK,Q9KK,49QQQKKK
4.12121E+13,4QQK6TJJ,4QQK,6TJJ,46TJJQQK
4.12121E+13,4QQKKK8K,4QQK,KK8K,48QQKKKK
4.12121E+13,4QQKKQK9,4QQK,KQK9,49QQQKKK
1.11314E+13,JKK7T5KK,JKK7,T5KK,57TJKKKK
1.11314E+13,JKK75TQJ,JKK7,5TQJ,57TJJQKK
1.11314E+13,JKK7QQJ9,JKK7,QQJ9,79JJQQKK
1.11314E+13,JKK75KTK,JKK7,5KTK,57TJKKKK
9.12121E+13,9QQKKT6J,9QQK,KT6J,69TJQQKK
9.12121E+13,9QQKJT9K,9QQK,JT9K,99TJQQKK
9.12121E+13,9QQK3KJK,9QQK,3KJK,39JQQKKK
9.12121E+13,9QQKQQQ1,9QQK,QQQ1,19QQQQQK
9.12121E+13,9QQKJ6KK,9QQK,J6KK,69JQQKKK
9.12121E+13,9QQKKJT9,9QQK,KJT9,99TJQQKK
9.12121E+13,9QQKJJ7J,9QQK,JJ7J,79JJJQQK
9.12121E+13,9QQK4QTJ,9QQK,4QTJ,49TJQQQK
9.12121E+13,9QQKK4KK,9QQK,K4KK,49QQKKKK
9.12121E+13,9QQKJ7JJ,9QQK,J7JJ,79JJJQQK
9.12121E+13,9QQKJQ9J,9QQK,JQ9J,99JJQQQK
9.12121E+13,9QQKK5QK,9QQK,K5QK,59QQQKKK
9.12121E+13,9QQKT1TK,9QQK,T1TK,19TTQQKK
1.21261E+13,QQ6KJTQ7,QQ6K,JTQ7,67TJQQQK
1.21261E+13,QQ6K9KTJ,QQ6K,9KTJ,69TJQQKK
1.21261E+13,QQ6K2JKJ,QQ6K,2JKJ,26JJQQKK
1.21261E+13,QQ6KKT6J,QQ6K,KT6J,66TJQQKK
1.21261E+13,QQ6KQ8QJ,QQ6K,Q8QJ,68JQQQQK
1.21261E+13,QQ6KKTJ9,QQ6K,KTJ9,69TJQQKK
1.21261E+13,QQ6KKK3J,QQ6K,KK3J,36JQQKKK
1.21261E+13,QQ6K7JQK,QQ6K,7JQK,67JQQQKK
1.21261E+13,QQ6KQQT3,QQ6K,QQT3,36TQQQQK
1.21261E+13,QQ6K5KJJ,QQ6K,5KJJ,56JJQQKK
1.21261E+13,QQ6KQ9JJ,QQ6K,Q9JJ,69JJQQQK
1.21261E+13,QQ6K8JTJ,QQ6K,8JTJ,68TJJQQK
1.21212E+13,QQQ19KTJ,QQQ1,9KTJ,19TJQQQK
1.21212E+13,QQQ12JKJ,QQQ1,2JKJ,12JJQQQK
1.21212E+13,QQQ1K6TJ,QQQ1,K6TJ,16TJQQQK
1.21212E+13,QQQ1J9TK,QQQ1,J9TK,19TJQQQK
1.21212E+13,QQQ1TQ4J,QQQ1,TQ4J,14TJQQQQ
1.21212E+13,QQQ1JQ6J,QQQ1,JQ6J,16JJQQQQ
1.21212E+13,QQQ1QQ6K,QQQ1,QQ6K,16QQQQQK
1.21212E+13,QQQ14QKJ,QQQ1,4QKJ,14JQQQQK
1.21212E+13,QQQ1QTQ3,QQQ1,QTQ3,13TQQQQQ
1.21212E+13,QQQ14QTJ,QQQ1,4QTJ,14TJQQQQ
1.21212E+13,QQQ1KJT3,QQQ1,KJT3,13TJQQQK
1.21212E+13,QQQ1KK3J,QQQ1,KK3J,13JQQQKK
1.21212E+13,QQQ1K5QK,QQQ1,K5QK,15QQQQKK
1.21212E+13,QQQ1T7KK,QQQ1,T7KK,17TQQQKK
1.21212E+13,QQQ18JTJ,QQQ1,8JTJ,18TJJQQQ
1.21212E+13,QQQ1J8KJ,QQQ1,J8KJ,18JJQQQK
1.21071E+13,QT7JK6TJ,QT7J,K6TJ,67TTJJQK
1.21071E+13,QT7JQQQ1,QT7J,QQQ1,17TJQQQQ
1.21071E+13,QT7J2TQK,QT7J,2TQK,27TTJQQK
1.21071E+13,QT7J8KJJ,QT7J,8KJJ,78TJJJQK
1.21071E+13,QT7JKJT9,QT7J,KJT9,79TTJJQK
1.21071E+13,QT7JJTT3,QT7J,JTT3,37TTTJJQ
1.21071E+13,QT7J2TJJ,QT7J,2TJJ,27TTJJJQ
1.21071E+13,QT7JQJ9J,QT7J,QJ9J,79TJJJQQ
1.21071E+13,QT7JK4KK,QT7J,K4KK,47TJQKKK
4.12111E+13,4QJK9KTJ,4QJK,9KTJ,49TJJQKK
4.12111E+13,4QJKT6KJ,4QJK,T6KJ,46TJJQKK
4.12111E+13,4QJK3TKJ,4QJK,3TKJ,34TJJQKK
4.12111E+13,4QJK7TKK,4QJK,7TKK,47TJQKKK
4.12111E+13,4QJKK8JJ,4QJK,K8JJ,48JJJQKK
4.12111E+13,4QJK1TQJ,4QJK,1TQJ,14TJJQQK
4.12111E+13,4QJKKQ5K,4QJK,KQ5K,45JQQKKK
1.25101E+13,Q5TJK1KJ,Q5TJ,K1KJ,15TJJQKK
1.25101E+13,Q5TJ6TQK,Q5TJ,6TQK,56TTJQQK
1.25101E+13,Q5TJQ7JJ,Q5TJ,Q7JJ,57TJJJQQ
1.25101E+13,Q5TJKJ3J,Q5TJ,KJ3J,35TJJJQK
1.25101E+13,Q5TJQ7QK,Q5TJ,Q7QK,57TJQQQK
1.25101E+13,Q5TJKQK3,Q5TJ,KQK3,35TJQQKK
1.25101E+13,Q5TJQKT9,Q5TJ,QKT9,59TTJQQK
1.25101E+13,Q5TJJT7K,Q5TJ,JT7K,57TTJJQK
1.25101E+13,Q5TJQK9K,Q5TJ,QK9K,59TJQQKK
1.25101E+13,Q5TJTTQ9,Q5TJ,TTQ9,59TTTJQQ
1.25101E+13,Q5TJ5QJK,Q5TJ,5QJK,55TJJQQK
1.21141E+13,QJ4JK8KK,QJ4J,K8KK,48JJQKKK
1.21141E+13,QJ4JKTQ3,QJ4J,KTQ3,34TJJQQK
1.21141E+13,QJ4J8QTJ,QJ4J,8QTJ,48TJJJQQ
1.21141E+13,QJ4JQ9KK,QJ4J,Q9KK,49JJQQKK
1.16131E+13,J6KKJ5JK,J6KK,J5JK,56JJJKKK
1.16131E+13,J6KKK6TJ,J6KK,K6TJ,66TJJKKK
1.16131E+13,J6KK4JQK,J6KK,4JQK,46JJQKKK
1.16131E+13,J6KKQQQ1,J6KK,QQQ1,16JQQQKK
1.16131E+13,J6KKQT7J,J6KK,QT7J,67TJJQKK
1.16131E+13,J6KKQK2K,J6KK,QK2K,26JQKKKK
1.16131E+13,J6KKJTT3,J6KK,JTT3,36TTJJKK
1.16131E+13,J6KK2TJJ,J6KK,2TJJ,26TJJJKK
1.16131E+13,J6KKJ9KK,J6KK,J9KK,69JJKKKK
1.16131E+13,J6KKJ7JJ,J6KK,J7JJ,67JJJJKK
1.16131E+13,J6KK8JTJ,J6KK,8JTJ,68TJJJKK
1.16131E+13,J6KK3KKJ,J6KK,3KKJ,36JJKKKK
1.16131E+13,J6KKKK9J,J6KK,KK9J,69JJKKKK
2.10121E+13,2TQKKT3J,2TQK,KT3J,23TTJQKK
2.10121E+13,2TQK3KJK,2TQK,3KJK,23TJQKKK
2.10121E+13,2TQKJQJ3,2TQK,JQJ3,23TJJQQK
2.10121E+13,2TQK7TKK,2TQK,7TKK,27TTQKKK
2.10121E+13,2TQK4QKJ,2TQK,4QKJ,24TJQQKK
2.10121E+13,2TQK2TJJ,2TQK,2TJJ,22TTJJQK
2.10121E+13,2TQKTTK1,2TQK,TTK1,12TTTQKK
2.10121E+13,2TQKJQ9J,2TQK,JQ9J,29TJJQQK
2.10121E+13,2TQKK5QK,2TQK,K5QK,25TQQKKK
2.10121E+13,2TQK8JTJ,2TQK,8JTJ,28TTJJQK
2.10121E+13,2TQKJQ1K,2TQK,JQ1K,12TJQQKK
2.10121E+13,2TQKKQ8K,2TQK,KQ8K,28TQQKKK
1.12101E+13,J2TJJTQ7,J2TJ,JTQ7,27TTJJJQ
1.12101E+13,J2TJTQ2K,J2TJ,TQ2K,22TTJJQK
1.12101E+13,J2TJT6KJ,J2TJ,T6KJ,26TTJJJK
1.12101E+13,J2TJTQ4J,J2TJ,TQ4J,24TTJJJQ
1.12101E+13,J2TJ6TKJ,J2TJ,6TKJ,26TTJJJK
1.12101E+13,J2TJQJ3J,J2TJ,QJ3J,23TJJJJQ
1.12101E+13,J2TJK8QK,J2TJ,K8QK,28TJJQKK
1.12101E+13,J2TJJQ4K,J2TJ,JQ4K,24TJJJQK
1.12101E+13,J2TJK4KK,J2TJ,K4KK,24TJJKKK
1.12101E+13,J2TJ5QQJ,J2TJ,5QQJ,25TJJJQQ
1.12101E+13,J2TJQ1KJ,J2TJ,Q1KJ,12TJJJQK
1.12101E+13,J2TJK9JK,J2TJ,K9JK,29TJJJKK
1.12101E+13,J2TJQT4J,J2TJ,QT4J,24TTJJJQ
1.12101E+13,J2TJQ9JJ,J2TJ,Q9JJ,29TJJJJQ
1.12101E+13,J2TJKQ5K,J2TJ,KQ5K,25TJJQKK
1.27121E+13,Q7QK4QJJ,Q7QK,4QJJ,47JJQQQK
1.27121E+13,Q7QK6TQK,Q7QK,6TQK,67TQQQKK
1.27121E+13,Q7QKJK7K,Q7QK,JK7K,77JQQKKK
1.27121E+13,Q7QK1JTK,Q7QK,1JTK,17TJQQKK
1.27121E+13,Q7QKJKK7,Q7QK,JKK7,77JQQKKK
1.27121E+13,Q7QKQT6K,Q7QK,QT6K,67TQQQKK
1.27121E+13,Q7QKJ1TK,Q7QK,J1TK,17TJQQKK
1.27121E+13,Q7QKKK8K,Q7QK,KK8K,78QQKKKK
1.27121E+13,Q7QK5KTK,Q7QK,5KTK,57TQQKKK
1.27121E+13,Q7QKJ6TJ,Q7QK,J6TJ,67TJJQQK
3.10131E+13,3TKJJQ4K,3TKJ,JQ4K,34TJJQKK
3.10131E+13,3TKJK5QK,3TKJ,K5QK,35TJQKKK
3.10131E+13,3TKJ1TQJ,3TKJ,1TQJ,13TTJJQK
3.10131E+13,3TKJ8JTJ,3TKJ,8JTJ,38TTJJJK
1.2101E+13,QTT3T5KK,QTT3,T5KK,35TTTQKK
1.2101E+13,QTT3Q7JJ,QTT3,Q7JJ,37TTJJQQ
1.2101E+13,QTT3JK7K,QTT3,JK7K,37TTJQKK
1.2101E+13,QTT3Q3KK,QTT3,Q3KK,33TTQQKK
1.2101E+13,QTT3JKK7,QTT3,JKK7,37TTJQKK
1.2101E+13,QTT3Q7QK,QTT3,Q7QK,37TTQQQK
1.2101E+13,QTT36TJJ,QTT3,6TJJ,36TTTJJQ
1.2101E+13,QTT3TJT7,QTT3,TJT7,37TTTTJQ
1.2101E+13,QTT35QJK,QTT3,5QJK,35TTJQQK
1.31012E+13,KTQ3TT4J,KTQ3,TT4J,34TTTJQK
1.32121E+13,K2QKQT7J,K2QK,QT7J,27TJQQKK
1.32121E+13,K2QKJQJ3,K2QK,JQJ3,23JJQQKK
1.32121E+13,K2QKKJT3,K2QK,KJT3,23TJQKKK
1.32121E+13,K2QKJQ9J,K2QK,JQ9J,29JJQQKK
1.32121E+13,K2QKQ9JJ,K2QK,Q9JJ,29JJQQKK
1.32121E+13,K2QKJQ1K,K2QK,JQ1K,12JQQKKK
1.32121E+13,K2QKJT3K,K2QK,JT3K,23TJQKKK
1.31213E+13,KQK32TKK,KQK3,2TKK,23TQKKKK
1.31213E+13,KQK3Q5TJ,KQK3,Q5TJ,35TJQQKK
1.31213E+13,KQK3KTQ3,KQK3,KTQ3,33TQQKKK
1.31213E+13,KQK35TQJ,KQK3,5TQJ,35TJQQKK
1.31213E+13,KQK3Q2JK,KQK3,Q2JK,23JQQKKK
1.31213E+13,KQK3KQ2J,KQK3,KQ2J,23JQQKKK
1.31213E+13,KQK35KTK,KQK3,5KTK,35TQKKKK
1.31213E+13,KQK3JT4K,KQK3,JT4K,34TJQKKK
1.11211E+13,JQJ38QTK,JQJ3,8QTK,38TJJQQK
1.11211E+13,JQJ3QQ6K,JQJ3,QQ6K,36JJQQQK
1.11211E+13,JQJ32TQK,JQJ3,2TQK,23TJJQQK
1.11211E+13,JQJ3KQ8K,JQJ3,KQ8K,38JJQQKK
8.13111E+13,8KJJTQ2K,8KJJ,TQ2K,28TJJQKK
8.13111E+13,8KJJJT9K,8KJJ,JT9K,89TJJJKK
8.13111E+13,8KJJ6TKJ,8KJJ,6TKJ,68TJJJKK
8.13111E+13,8KJJK8JJ,8KJJ,K8JJ,88JJJJKK
8.13111E+13,8KJJ5QQJ,8KJJ,5QQJ,58JJJQQK
8.13111E+13,8KJJJQT7,8KJJ,JQT7,78TJJJQK
8.13111E+13,8KJJK9JK,8KJJ,K9JK,89JJJKKK
8.13111E+13,8KJJ6JTK,8KJJ,6JTK,68TJJJKK
8.13111E+13,8KJJJQK1,8KJJ,JQK1,18JJJQKK
8.13111E+13,8KJJKJQ7,8KJJ,KJQ7,78JJJQKK
8.13111E+13,8KJJK9TJ,8KJJ,K9TJ,89TJJJKK
8.13111E+13,8KJJKQ5K,8KJJ,KQ5K,58JJQKKK
8.13111E+13,8KJJKK9J,8KJJ,KK9J,89JJJKKK
8.12101E+13,8QTJTJK7,8QTJ,TJK7,78TTJJQK
8.12101E+13,8QTJQTT3,8QTJ,QTT3,38TTTJQQ
8.12101E+13,8QTJKQK3,8QTJ,KQK3,38TJQQKK
8.12101E+13,8QTJJQ5K,8QTJ,JQ5K,58TJJQQK
1.01371E+13,TK7JJQQ9,TK7J,JQQ9,79TJJQQK
1.01371E+13,TK7J2TKK,TK7J,2TKK,27TTJKKK
1.01371E+13,TK7JJKK7,TK7J,JKK7,77TJJKKK
1.01371E+13,TK7JQ5TJ,TK7J,Q5TJ,57TTJJQK
1.01371E+13,TK7JQ7QK,TK7J,Q7QK,77TJQQKK
1.01371E+13,TK7J6TJJ,TK7J,6TJJ,67TTJJJK
1.01371E+13,TK7JJ4TK,TK7J,J4TK,47TTJJKK
1.01371E+13,TK7JQQ6J,TK7J,QQ6J,67TJJQQK
1.01371E+13,TK7J2QTJ,TK7J,2QTJ,27TTJJQK
7.10131E+13,7TKKKT3J,7TKK,KT3J,37TTJKKK
7.10131E+13,7TKKT6KJ,7TKK,T6KJ,67TTJKKK
7.10131E+13,7TKKJ2TJ,7TKK,J2TJ,27TTJJKK
7.10131E+13,7TKK4QKJ,7TKK,4QKJ,47TJQKKK
7.10131E+13,7TKKJJ7J,7TKK,JJ7J,77TJJJKK
7.10131E+13,7TKKK8JJ,7TKK,K8JJ,78TJJKKK
7.10131E+13,7TKKKTK7,7TKK,KTK7,77TTKKKK
7.10131E+13,7TKKJQT7,7TKK,JQT7,77TTJQKK
7.10131E+13,7TKKK9JK,7TKK,K9JK,79TJKKKK
7.10131E+13,7TKKT1TK,7TKK,T1TK,17TTTKKK
7.10131E+13,7TKK1QTJ,7TKK,1QTJ,17TTJQKK
4.12131E+13,4QKJJQJ3,4QKJ,JQJ3,34JJJQQK
4.12131E+13,4QKJK8JJ,4QKJ,K8JJ,48JJJQKK
4.12131E+13,4QKJ7JQK,4QKJ,7JQK,47JJQQKK
4.12131E+13,4QKJQKQ9,4QKJ,QKQ9,49JQQQKK
4.12131E+13,4QKJJQ1K,4QKJ,JQ1K,14JJQQKK
1.21321E+13,QK2KJ9TK,QK2K,J9TK,29TJQKKK
1.21321E+13,QK2KTJK9,QK2K,TJK9,29TJQKKK
1.21321E+13,QK2KQT7J,QK2K,QT7J,27TJQQKK
1.21321E+13,QK2KJ6KK,QK2K,J6KK,26JQKKKK
1.21321E+13,QK2K7TKK,QK2K,7TKK,27TQKKKK
1.21321E+13,QK2KJQT7,QK2K,JQT7,27TJQQKK
1.21321E+13,QK2KQKQ9,QK2K,QKQ9,29QQQKKK
1.21321E+13,QK2K5KJJ,QK2K,5KJJ,25JJQKKK
1.21321E+13,QK2KK9TJ,QK2K,K9TJ,29TJQKKK
1.21321E+13,QK2K8JTJ,QK2K,8JTJ,28TJJQKK
1.21321E+13,QK2KKQ8K,QK2K,KQ8K,28QQKKKK
1.21321E+13,QK2KK5JJ,QK2K,K5JJ,25JJQKKK
1.31111E+13,KJT9J5JK,KJT9,J5JK,59TJJJKK
1.31111E+13,KJT9JJ2K,KJT9,JJ2K,29TJJJKK
1.31111E+13,KJT9J9TK,KJT9,J9TK,99TTJJKK
1.31111E+13,KJT91JQK,KJT9,1JQK,19TJJQKK
1.31111E+13,KJT93KJK,KJT9,3KJK,39TJJKKK
1.31111E+13,KJT94KKK,KJT9,4KKK,49TJKKKK
1.31111E+13,KJT9QQ6K,KJT9,QQ6K,69TJQQKK
1.31111E+13,KJT92TQK,KJT9,2TQK,29TTJQKK
1.31111E+13,KJT9TTK1,KJT9,TTK1,19TTTJKK
1.31111E+13,KJT94QTJ,KJT9,4QTJ,49TTJJQK
1.31111E+13,KJT9J7JJ,KJT9,J7JJ,79TJJJJK
1.31111E+13,KJT97JQK,KJT9,7JQK,79TJJQKK
1.31111E+13,KJT9T7KK,KJT9,T7KK,79TTJKKK
1.31111E+13,KJT9QT4J,KJT9,QT4J,49TTJJQK
1.31111E+13,KJT9J1QK,KJT9,J1QK,19TJJQKK
1.31111E+13,KJT9T1TK,KJT9,T1TK,19TTTJKK
1.1101E+13,JTT39KTJ,JTT3,9KTJ,39TTTJJK
1.1101E+13,JTT3TQ2K,JTT3,TQ2K,23TTTJQK
1.1101E+13,JTT3QQ6K,JTT3,QQ6K,36TTJQQK
1.1101E+13,JTT34QJK,JTT3,4QJK,34TTJJQK
1.1101E+13,JTT32TQK,JTT3,2TQK,23TTTJQK
1.1101E+13,JTT38KJJ,JTT3,8KJJ,38TTJJJK
1.1101E+13,JTT32TJJ,JTT3,2TJJ,23TTTJJJ
1.1101E+13,JTT33JTK,JTT3,3JTK,33TTTJJK
1.1101E+13,JTT3KQ4J,JTT3,KQ4J,34TTJJQK
1.1101E+13,JTT3KJT3,JTT3,KJT3,33TTTJJK
1.1101E+13,JTT3KTJ9,JTT3,KTJ9,39TTTJJK
1.1101E+13,JTT3JQ9J,JTT3,JQ9J,39TTJJJQ
1.1101E+13,JTT35JTJ,JTT3,5JTJ,35TTTJJJ
1.1101E+13,JTT33KKJ,JTT3,3KKJ,33TTJJKK
6.10131E+13,6TKJQK2K,6TKJ,QK2K,26TJQKKK
6.10131E+13,6TKJJKT3,6TKJ,JKT3,36TTJJKK
6.10131E+13,6TKJK8JJ,6TKJ,K8JJ,68TJJJKK
6.10131E+13,6TKJ7JQK,6TKJ,7JQK,67TJJQKK
6.10131E+13,6TKJ1TQJ,6TKJ,1TQJ,16TTJJQK
6.10131E+13,6TKJQT4J,6TKJ,QT4J,46TTJJQK
1.21131E+13,QJ3J9KTJ,QJ3J,9KTJ,39TJJJQK
1.21131E+13,QJ3JJT9K,QJ3J,JT9K,39TJJJQK
1.21131E+13,QJ3JJQ6J,QJ3J,JQ6J,36JJJJQQ
1.21131E+13,QJ3JQJ9J,QJ3J,QJ9J,39JJJJQQ
1.21131E+13,QJ3J3JTK,QJ3J,3JTK,33TJJJQK
1.21131E+13,QJ3JKQ4J,QJ3J,KQ4J,34JJJQQK
1.21131E+13,QJ3JJQK1,QJ3J,JQK1,13JJJQQK
1.21131E+13,QJ3JKQ5K,QJ3J,KQ5K,35JJQQKK
1.21131E+13,QJ3JT1TK,QJ3J,T1TK,13TTJJQK
1.21313E+13,QKK3K8KK,QKK3,K8KK,38QKKKKK
1.21313E+13,QKK3J9TJ,QKK3,J9TJ,39TJJQKK
1.21313E+13,QKK31JTK,QKK3,1JTK,13TJQKKK
1.21313E+13,QKK35TQJ,QKK3,5TQJ,35TJQQKK
1.21313E+13,QKK3J1TK,QKK3,J1TK,13TJQKKK
1.21313E+13,QKK3T4KJ,QKK3,T4KJ,34TJQKKK
1.21313E+13,QKK3TT4J,QKK3,TT4J,34TTJQKK
1.01381E+13,TK8KJ1QJ,TK8K,J1QJ,18TJJQKK
1.01381E+13,TK8K4QJJ,TK8K,4QJJ,48TJJQKK
1.01381E+13,TK8KT5KK,TK8K,T5KK,58TTKKKK
1.01381E+13,TK8K6TQK,TK8K,6TQK,68TTQKKK
1.01381E+13,TK8KQ5TJ,TK8K,Q5TJ,58TTJQKK
1.01381E+13,TK8KKTQ3,TK8K,KTQ3,38TTQKKK
1.01381E+13,TK8KTK7J,TK8K,TK7J,78TTJKKK
1.01381E+13,TK8K1JQJ,TK8K,1JQJ,18TJJQKK
1.01381E+13,TK8KJJ2J,TK8K,JJ2J,28TJJJKK
1.01381E+13,TK8K6TJJ,TK8K,6TJJ,68TTJJKK
1.01381E+13,TK8KKK8K,TK8K,KK8K,88TKKKKK
1.01381E+13,TK8KTQT3,TK8K,TQT3,38TTTQKK
1.01381E+13,TK8KTT4J,TK8K,TT4J,48TTTJKK
1.01381E+13,TK8K6JTJ,TK8K,6JTJ,68TTJJKK
1.21311E+13,QKT9J1QJ,QKT9,J1QJ,19TJJQQK
1.21311E+13,QKT91JQJ,QKT9,1JQJ,19TJJQQK
1.21311E+13,QKT9JQ5K,QKT9,JQ5K,59TJQQKK
1.21311E+13,QKT9JJ2J,QKT9,JJ2J,29TJJJQK
1.21311E+13,QKT9Q6KK,QKT9,Q6KK,69TQQKKK
1.21311E+13,QKT9JT3J,QKT9,JT3J,39TTJJQK
1.21012E+13,QTQ37TKK,QTQ3,7TKK,37TTQQKK
1.21012E+13,QTQ3JTT3,QTQ3,JTT3,33TTTJQQ
1.21012E+13,QTQ37JQK,QTQ3,7JQK,37TJQQQK
1.21012E+13,QTQ3TQ5K,QTQ3,TQ5K,35TTQQQK
1.21012E+13,QTQ3JT3K,QTQ3,JT3K,33TTJQQK
2.10111E+13,2TJJ8QTK,2TJJ,8QTK,28TTJJQK
2.10111E+13,2TJJJJ2K,2TJJ,JJ2K,22TJJJJK
2.10111E+13,2TJJ1JQK,2TJJ,1JQK,12TJJJQK
2.10111E+13,2TJJTJK9,2TJJ,TJK9,29TTJJJK
2.10111E+13,2TJJ4KKK,2TJJ,4KKK,24TJJKKK
2.10111E+13,2TJJKJT9,2TJJ,KJT9,29TTJJJK
2.10111E+13,2TJJ3JTK,2TJJ,3JTK,23TTJJJK
2.10111E+13,2TJJJ9KK,2TJJ,J9KK,29TJJJKK
2.10111E+13,2TJJK4KK,2TJJ,K4KK,24TJJKKK
2.10111E+13,2TJJJTK3,2TJJ,JTK3,23TTJJJK
2.10111E+13,2TJJ5QQJ,2TJJ,5QQJ,25TJJJQQ
2.10111E+13,2TJJKK9J,2TJJ,KK9J,29TJJJKK
2.10111E+13,2TJJJ8KJ,2TJJ,J8KJ,28TJJJJK
2.10111E+13,2TJJJ1QK,2TJJ,J1QK,12TJJJQK
2.10111E+13,2TJJT1TK,2TJJ,T1TK,12TTTJJK
1.11171E+13,JJ7J2JKJ,JJ7J,2JKJ,27JJJJJK
1.11171E+13,JJ7JT6KJ,JJ7J,T6KJ,67TJJJJK
1.11171E+13,JJ7J2TQK,JJ7J,2TQK,27TJJJQK
1.11171E+13,JJ7J8KJJ,JJ7J,8KJJ,78JJJJJK
1.11171E+13,JJ7JJ9KK,JJ7J,J9KK,79JJJJKK
1.11171E+13,JJ7JKTJ9,JJ7J,KTJ9,79TJJJJK
1.11171E+13,JJ7JQKQ9,JJ7J,QKQ9,79JJJQQK
1.11171E+13,JJ7J1TQJ,JJ7J,1TQJ,17TJJJJQ
1.1131E+13,JKT3JTQ7,JKT3,JTQ7,37TTJJQK
1.1131E+13,JKT39KTJ,JKT3,9KTJ,39TTJJKK
1.1131E+13,JKT34KKK,JKT3,4KKK,34TJKKKK
1.1131E+13,JKT3J2TJ,JKT3,J2TJ,23TTJJJK
1.1131E+13,JKT38KJJ,JKT3,8KJJ,38TJJJKK
1.1131E+13,JKT36KKJ,JKT3,6KKJ,36TJJKKK
1.1131E+13,JKT3K8QK,JKT3,K8QK,38TJQKKK
1.1131E+13,JKT3JQ9J,JKT3,JQ9J,39TJJJQK
1.1131E+13,JKT3QQ8J,JKT3,QQ8J,38TJJQQK
1.1131E+13,JKT3T7KK,JKT3,T7KK,37TTJKKK
1.1131E+13,JKT35JTJ,JKT3,5JTJ,35TTJJJK
1.1131E+13,JKT3Q9JJ,JKT3,Q9JJ,39TJJJQK
1.1131E+13,JKT3J8KJ,JKT3,J8KJ,38TJJJKK
1.1131E+13,JKT3JT3K,JKT3,JT3K,33TTJJKK
1.1131E+13,JKT31QTJ,JKT3,1QTJ,13TTJJQK
6.13131E+13,6KKJ3TKJ,6KKJ,3TKJ,36TJJKKK
6.13131E+13,6KKJQTQ3,6KKJ,QTQ3,36TJQQKK
6.13131E+13,6KKJ5QQJ,6KKJ,5QQJ,56JJQQKK
6.13131E+13,6KKJQQT3,6KKJ,QQT3,36TJQQKK
6.13131E+13,6KKJQKQ9,6KKJ,QKQ9,69JQQKKK
6.13131E+13,6KKJ1TQJ,6KKJ,1TQJ,16TJJQKK
6.13131E+13,6KKJ5KJJ,6KKJ,5KJJ,56JJJKKK
6.13131E+13,6KKJKQ5K,6KKJ,KQ5K,56JQKKKK
6.13131E+13,6KKJT1TK,6KKJ,T1TK,16TTJKKK
6.13131E+13,6KKJKQ8K,6KKJ,KQ8K,68JQKKKK
1.21061E+13,QT6KK8KK,QT6K,K8KK,68TQKKKK
1.21061E+13,QT6KQ7JJ,QT6K,Q7JJ,67TJJQQK
1.21061E+13,QT6KQJ4J,QT6K,QJ4J,46TJJQQK
1.21061E+13,QT6KQ9KK,QT6K,Q9KK,69TQQKKK
1.21061E+13,QT6KQ2JK,QT6K,Q2JK,26TJQQKK
1.21061E+13,QT6KKQK9,QT6K,KQK9,69TQQKKK
1.21061E+13,QT6KTQT3,QT6K,TQT3,36TTTQQK
1.01013E+13,TTK19KTJ,TTK1,9KTJ,19TTTJKK
1.01013E+13,TTK14KKK,TTK1,4KKK,14TTKKKK
1.01013E+13,TTK1JTT3,TTK1,JTT3,13TTTTJK
1.01013E+13,TTK16KKJ,TTK1,6KKJ,16TTJKKK
1.01013E+13,TTK13JTK,TTK1,3JTK,13TTTJKK
1.01013E+13,TTK1KTK7,TTK1,KTK7,17TTTKKK
1.01013E+13,TTK1KJT3,TTK1,KJT3,13TTTJKK
1.01013E+13,TTK1K4KK,TTK1,K4KK,14TTKKKK
1.01013E+13,TTK1JQT7,TTK1,JQT7,17TTTJQK
1.01013E+13,TTK16JTK,TTK1,6JTK,16TTTJKK
1.01013E+13,TTK1JQK1,TTK1,JQK1,11TTJQKK
1.01013E+13,TTK1TK7K,TTK1,TK7K,17TTTKKK
1.01013E+13,TTK1K5QK,TTK1,K5QK,15TTQKKK
1.01013E+13,TTK1Q9JJ,TTK1,Q9JJ,19TTJJQK
1.11121E+13,1JQJTQ8J,1JQJ,TQ8J,18TJJJQQ
1.11121E+13,1JQJQ3KK,1JQJ,Q3KK,13JJQQKK
1.11121E+13,1JQJ2TKK,1JQJ,2TKK,12TJJQKK
1.11121E+13,1JQJQ5TJ,1JQJ,Q5TJ,15TJJJQQ
1.11121E+13,1JQJTK7J,1JQJ,TK7J,17TJJJQK
1.11121E+13,1JQJJ4TK,1JQJ,J4TK,14TJJJQK
1.11121E+13,1JQJQQ6J,1JQJ,QQ6J,16JJJQQQ
1.11121E+13,1JQJQQJ9,1JQJ,QQJ9,19JJJQQQ
1.11121E+13,1JQJJT3J,1JQJ,JT3J,13TJJJJQ
1.11121E+13,1JQJTT4J,1JQJ,TT4J,14TTJJJQ
1.11121E+13,1JQJJT4K,1JQJ,JT4K,14TJJJQK
1.11121E+13,1JQJQTQ7,1JQJ,QTQ7,17TJJQQQ
5.10121E+13,5TQJQ7JJ,5TQJ,Q7JJ,57TJJJQQ
5.10121E+13,5TQJKTJ7,5TQJ,KTJ7,57TTJJQK
5.10121E+13,5TQJTQT3,5TQJ,TQT3,35TTTJQQ
5.10121E+13,5TQJTTQ9,5TQJ,TTQ9,59TTTJQQ
1.11251E+13,JQ5K1JTK,JQ5K,1JTK,15TJJQKK
1.11251E+13,JQ5KQ7QK,JQ5K,Q7QK,57JQQQKK
1.11251E+13,JQ5KKTQ3,JQ5K,KTQ3,35TJQQKK
1.11251E+13,JQ5KJ1TK,JQ5K,J1TK,15TJJQKK
1.11251E+13,JQ5KQ6KK,JQ5K,Q6KK,56JQQKKK
1.11251E+13,JQ5KTTQ9,JQ5K,TTQ9,59TTJQQK
1.11251E+13,JQ5K5KQJ,JQ5K,5KQJ,55JJQQKK
1.11251E+13,JQ5K2QTJ,JQ5K,2QTJ,25TJJQQK
1.11251E+13,JQ5KJT4K,JQ5K,JT4K,45TJJQKK
1.21191E+13,QJ9J9KTJ,QJ9J,9KTJ,99TJJJQK
1.21191E+13,QJ9JT6KJ,QJ9J,T6KJ,69TJJJQK
1.21191E+13,QJ9JJ2TJ,QJ9J,J2TJ,29TJJJJQ
1.21191E+13,QJ9JJQJ3,QJ9J,JQJ3,39JJJJQQ
1.21191E+13,QJ9J8KJJ,QJ9J,8KJJ,89JJJJQK
1.21191E+13,QJ9JJKT3,QJ9J,JKT3,39TJJJQK
1.21191E+13,QJ9JTTK1,QJ9J,TTK1,19TTJJQK
1.21191E+13,QJ9JJQT7,QJ9J,JQT7,79TJJJQQ
1.21191E+13,QJ9JK5QK,QJ9J,K5QK,59JJQQKK
1.21191E+13,QJ9JJQ1K,QJ9J,JQ1K,19JJJQQK
1.21191E+13,QJ9JJ8KJ,QJ9J,J8KJ,89JJJJQK
1.21191E+13,QJ9J1QTJ,QJ9J,1QTJ,19TJJJQQ
1.38111E+13,K8JJJTQ7,K8JJ,JTQ7,78TJJJQK
1.38111E+13,K8JJ8QTK,K8JJ,8QTK,88TJJQKK
1.38111E+13,K8JJT6KJ,K8JJ,T6KJ,68TJJJKK
1.38111E+13,K8JJQQQ1,K8JJ,QQQ1,18JJQQQK
1.38111E+13,K8JJQT7J,K8JJ,QT7J,78TJJJQK
1.38111E+13,K8JJK2QK,K8JJ,K2QK,28JJQKKK
1.38111E+13,K8JJJTT3,K8JJ,JTT3,38TTJJJK
1.38111E+13,K8JJ6TKJ,K8JJ,6TKJ,68TJJJKK
1.38111E+13,K8JJ3JTK,K8JJ,3JTK,38TJJJKK
1.38111E+13,K8JJJ9KK,K8JJ,J9KK,89JJJKKK
1.38111E+13,K8JJKTJ9,K8JJ,KTJ9,89TJJJKK
1.38111E+13,K8JJQQT3,K8JJ,QQT3,38TJJQQK
1.38111E+13,K8JJTQ5K,K8JJ,TQ5K,58TJJQKK
1.38111E+13,K8JJ3KKJ,K8JJ,3KKJ,38JJJKKK
1.38111E+13,K8JJKQ8K,K8JJ,KQ8K,88JJQKKK
1.38111E+13,K8JJK5JJ,K8JJ,K5JJ,58JJJJKK
1.29131E+13,Q9KKQ9QJ,Q9KK,Q9QJ,99JQQQKK
1.29131E+13,Q9KK2TKK,Q9KK,2TKK,29TQKKKK
1.29131E+13,Q9KK4QQK,Q9KK,4QQK,49QQQKKK
1.29131E+13,Q9KKJKK7,Q9KK,JKK7,79JQKKKK
1.29131E+13,Q9KKQJ4J,Q9KK,QJ4J,49JJQQKK
1.29131E+13,Q9KK8QTJ,Q9KK,8QTJ,89TJQQKK
1.29131E+13,Q9KKJ4TK,Q9KK,J4TK,49TJQKKK
1.29131E+13,Q9KKJ6TJ,Q9KK,J6TJ,69TJJQKK
1.29131E+13,Q9KKQTQ7,Q9KK,QTQ7,79TQQQKK
1.11121E+13,JJ2JTQ8J,JJ2J,TQ8J,28TJJJJQ
1.11121E+13,JJ2JQ3KK,JJ2J,Q3KK,23JJJQKK
1.11121E+13,JJ2J2TKK,JJ2J,2TKK,22TJJJKK
1.11121E+13,JJ2JQ5TJ,JJ2J,Q5TJ,25TJJJJQ
1.11121E+13,JJ2JTK7J,JJ2J,TK7J,27TJJJJK
1.11121E+13,JJ2JJ4TK,JJ2J,J4TK,24TJJJJK
1.11121E+13,JJ2JQQ6J,JJ2J,QQ6J,26JJJJQQ
1.11121E+13,JJ2JQQJ9,JJ2J,QQJ9,29JJJJQQ
1.11121E+13,JJ2JJT3J,JJ2J,JT3J,23TJJJJJ
1.11121E+13,JJ2JTT4J,JJ2J,TT4J,24TTJJJJ
1.11121E+13,JJ2JJT4K,JJ2J,JT4K,24TJJJJK
1.11121E+13,JJ2JQTQ7,JJ2J,QTQ7,27TJJJQQ
1.31012E+13,KTJ7K1KJ,KTJ7,K1KJ,17TJJKKK
1.31012E+13,KTJ7KJ3J,KTJ7,KJ3J,37TJJJKK
1.31012E+13,KTJ72TKK,KTJ7,2TKK,27TTJKKK
1.31012E+13,KTJ7Q7QK,KTJ7,Q7QK,77TJQQKK
1.31012E+13,KTJ7KQK3,KTJ7,KQK3,37TJQKKK
1.31012E+13,KTJ78QTJ,KTJ7,8QTJ,78TTJJQK
1.31012E+13,KTJ7QQ6J,KTJ7,QQ6J,67TJJQQK
1.31012E+13,KTJ7TTQ9,KTJ7,TTQ9,79TTTJQK
1.31012E+13,KTJ7JT4K,KTJ7,JT4K,47TTJJKK
3.11101E+13,3JTKJTQ7,3JTK,JTQ7,37TTJJQK
3.11101E+13,3JTK9KTJ,3JTK,9KTJ,39TTJJKK
3.11101E+13,3JTKK6TJ,3JTK,K6TJ,36TTJJKK
3.11101E+13,3JTKJ2TJ,3JTK,J2TJ,23TTJJJK
3.11101E+13,3JTK6TKJ,3JTK,6TKJ,36TTJJKK
3.11101E+13,3JTK6KKJ,3JTK,6KKJ,36TJJKKK
3.11101E+13,3JTKJQ4K,3JTK,JQ4K,34TJJQKK
3.11101E+13,3JTKKTJ9,3JTK,KTJ9,39TTJJKK
3.11101E+13,3JTKK4KK,3JTK,K4KK,34TJKKKK
3.11101E+13,3JTKKK3J,3JTK,KK3J,33TJJKKK
3.11101E+13,3JTKJT3K,3JTK,JT3K,33TTJJKK
3.11101E+13,3JTK1QTJ,3JTK,1QTJ,13TTJJQK
4.10101E+13,4TTJJ9TJ,4TTJ,J9TJ,49TTTJJJ
4.10101E+13,4TTJKJK1,4TTJ,KJK1,14TTJJKK
4.10101E+13,4TTJ5TQJ,4TTJ,5TQJ,45TTTJJQ
4.10101E+13,4TTJKTJ7,4TTJ,KTJ7,47TTTJJK
4.10101E+13,4TTJ6TJJ,4TTJ,6TJJ,46TTTJJJ
1.13111E+13,1KJKQ7QK,1KJK,Q7QK,17JQQKKK
1.13111E+13,1KJKKTQ3,1KJK,KTQ3,13TJQKKK
1.13111E+13,1KJKKQK3,1KJK,KQK3,13JQKKKK
6.10111E+13,6TJJK8KK,6TJJ,K8KK,68TJJKKK
6.10111E+13,6TJJJ1QJ,6TJJ,J1QJ,16TJJJJQ
6.10111E+13,6TJJJT6J,6TJJ,JT6J,66TTJJJJ
6.10111E+13,6TJJT7KJ,6TJJ,T7KJ,67TTJJJK
6.10111E+13,6TJJJ6JK,6TJJ,J6JK,66TJJJJK
6.10111E+13,6TJJ8QTJ,6TJJ,8QTJ,68TTJJJQ
6.10111E+13,6TJJ1JQJ,6TJJ,1JQJ,16TJJJJQ
6.10111E+13,6TJJJJ2J,6TJJ,JJ2J,26TJJJJJ
6.10111E+13,6TJJQ6KK,6TJJ,Q6KK,66TJJQKK
6.10111E+13,6TJJTT4J,6TJJ,TT4J,46TTTJJJ
6.10111E+13,6TJJ5QJK,6TJJ,5QJK,56TJJJQK
1.22111E+13,Q2JKT7KJ,Q2JK,T7KJ,27TJJQKK
1.22111E+13,Q2JKQKT9,Q2JK,QKT9,29TJQQKK
1.22111E+13,Q2JKJQ5K,Q2JK,JQ5K,25JJQQKK
1.22111E+13,Q2JKQT2J,Q2JK,QT2J,22TJJQQK
1.22111E+13,Q2JKJT7K,Q2JK,JT7K,27TJJQKK
1.22111E+13,Q2JKJ6TJ,Q2JK,J6TJ,26TJJJQK
1.22111E+13,Q2JK5KQJ,Q2JK,5KQJ,25JJQQKK
1.28121E+13,Q8QJJ5JK,Q8QJ,J5JK,58JJJQQK
1.28121E+13,Q8QJ8QTK,Q8QJ,8QTK,88TJQQQK
1.28121E+13,Q8QJKT3J,Q8QJ,KT3J,38TJJQQK
1.28121E+13,Q8QJ3KJK,Q8QJ,3KJK,38JJQQKK
1.28121E+13,Q8QJJQ6J,Q8QJ,JQ6J,68JJJQQQ
1.28121E+13,Q8QJQQ6K,Q8QJ,QQ6K,68JQQQQK
1.28121E+13,Q8QJJ2TJ,Q8QJ,J2TJ,28TJJJQQ
1.28121E+13,Q8QJJQJ3,Q8QJ,JQJ3,38JJJQQQ
1.28121E+13,Q8QJ7TKK,Q8QJ,7TKK,78TJQQKK
1.28121E+13,Q8QJJTT3,Q8QJ,JTT3,38TTJJQQ
1.28121E+13,Q8QJJKT3,Q8QJ,JKT3,38TJJQQK
1.28121E+13,Q8QJJQK1,Q8QJ,JQK1,18JJQQQK
1.28121E+13,Q8QJ1TQJ,Q8QJ,1TQJ,18TJJQQQ
1.28121E+13,Q8QJTQ5K,Q8QJ,TQ5K,58TJQQQK
1.28121E+13,Q8QJK9TJ,Q8QJ,K9TJ,89TJJQQK
1.28121E+13,Q8QJJQ1K,Q8QJ,JQ1K,18JJQQQK
1.28121E+13,Q8QJKQ8K,Q8QJ,KQ8K,88JQQQKK
1.28121E+13,Q8QJJT3K,Q8QJ,JT3K,38TJJQQK
1.28121E+13,Q8QJ1QTJ,Q8QJ,1QTJ,18TJJQQQ
1.31014E+13,KTK73KJK,KTK7,3KJK,37TJKKKK
1.31014E+13,KTK74JQK,KTK7,4JQK,47TJQKKK
1.31014E+13,KTK7JQ6J,KTK7,JQ6J,67TJJQKK
1.31014E+13,KTK7QQQ1,KTK7,QQQ1,17TQQQKK
1.31014E+13,KTK7J6KK,KTK7,J6KK,67TJKKKK
1.31014E+13,KTK7TTK1,KTK7,TTK1,17TTTKKK
1.31014E+13,KTK7JQ4K,KTK7,JQ4K,47TJQKKK
1.31014E+13,KTK7J9KK,KTK7,J9KK,79TJKKKK
1.31014E+13,KTK7K9JK,KTK7,K9JK,79TJKKKK
1.31014E+13,KTK77JQK,KTK7,7JQK,77TJQKKK
1.31014E+13,KTK7QKQ9,KTK7,QKQ9,79TQQKKK
1.31014E+13,KTK7K5QK,KTK7,K5QK,57TQKKKK
1.31014E+13,KTK7Q9JJ,KTK7,Q9JJ,79TJJQKK
4.12101E+13,4QTJJ5JK,4QTJ,J5JK,45TJJJQK
4.12101E+13,4QTJ7TKK,4QTJ,7TKK,47TTJQKK
4.12101E+13,4QTJJQ4K,4QTJ,JQ4K,44TJJQQK
4.12101E+13,4QTJKTJ9,4QTJ,KTJ9,49TTJJQK
4.12101E+13,4QTJJ7JJ,4QTJ,J7JJ,47TJJJJQ
4.12101E+13,4QTJ5QQJ,4QTJ,5QQJ,45TJJQQQ
4.12101E+13,4QTJQQ8J,4QTJ,QQ8J,48TJJQQQ
4.12101E+13,4QTJ3KKJ,4QTJ,3KKJ,34TJJQKK
4.12101E+13,4QTJKQ8K,4QTJ,KQ8K,48TJQQKK
1.31241E+13,KQ4JJTQ7,KQ4J,JTQ7,47TJJQQK
1.31241E+13,KQ4J3TKJ,KQ4J,3TKJ,34TJJQKK
1.31241E+13,KQ4J6TKJ,KQ4J,6TKJ,46TJJQKK
1.31241E+13,KQ4JJ9KK,KQ4J,J9KK,49JJQKKK
1.31241E+13,KQ4JJQ9J,KQ4J,JQ9J,49JJJQQK
1.31241E+13,KQ4JJQK1,KQ4J,JQK1,14JJQQKK
1.31241E+13,KQ4JK5QK,KQ4J,K5QK,45JQQKKK
1.31241E+13,KQ4JQT4J,KQ4J,QT4J,44TJJQQK
1.31241E+13,KQ4JK9TJ,KQ4J,K9TJ,49TJJQKK
1.3111E+13,KJT3JTQ7,KJT3,JTQ7,37TTJJQK
1.3111E+13,KJT33KJK,KJT3,3KJK,33TJJKKK
1.3111E+13,KJT3J2TJ,KJT3,J2TJ,23TTJJJK
1.3111E+13,KJT33TKJ,KJT3,3TKJ,33TTJJKK
1.3111E+13,KJT38KJJ,KJT3,8KJJ,38TJJJKK
1.3111E+13,KJT37TKK,KJT3,7TKK,37TTJKKK
1.3111E+13,KJT3KJT9,KJT3,KJT9,39TTJJKK
1.3111E+13,KJT3J7JJ,KJT3,J7JJ,37TJJJJK
1.3111E+13,KJT36JTK,KJT3,6JTK,36TTJJKK
1.3111E+13,KJT37JQK,KJT3,7JQK,37TJJQKK
1.3111E+13,KJT3K9TJ,KJT3,K9TJ,39TTJJKK
1.3111E+13,KJT33KKJ,KJT3,3KKJ,33TJJKKK
1.3111E+13,KJT3KK9J,KJT3,KK9J,39TJJKKK
1.3111E+13,KJT31QTJ,KJT3,1QTJ,13TTJJQK
1.01213E+13,TQK3KJK1,TQK3,KJK1,13TJQKKK
1.01213E+13,TQK3Q7JJ,TQK3,Q7JJ,37TJJQQK
1.01213E+13,TQK3T7KJ,TQK3,T7KJ,37TTJQKK
1.01213E+13,TQK32TKK,TQK3,2TKK,23TTQKKK
1.01213E+13,TQK3KQK9,TQK3,KQK9,39TQQKKK
1.01213E+13,TQK3TTQ9,TQK3,TTQ9,39TTTQQK
1.01213E+13,TQK36JTJ,TQK3,6JTJ,36TTJJQK
1.01213E+13,TQK35QJK,TQK3,5QJK,35TJQQKK
1.38121E+13,K8QK2JKJ,K8QK,2JKJ,28JJQKKK
1.38121E+13,K8QKKT6J,K8QK,KT6J,68TJQKKK
1.38121E+13,K8QKJT9K,K8QK,JT9K,89TJQKKK
1.38121E+13,K8QK4TKK,K8QK,4TKK,48TQKKKK
1.38121E+13,K8QKQQ6K,K8QK,QQ6K,68QQQKKK
1.38121E+13,K8QKK2QK,K8QK,K2QK,28QQKKKK
1.38121E+13,K8QKJQJ3,K8QK,JQJ3,38JJQQKK
1.38121E+13,K8QK4QKJ,K8QK,4QKJ,48JQQKKK
1.38121E+13,K8QKKJT3,K8QK,KJT3,38TJQKKK
1.38121E+13,K8QKJQ4K,K8QK,JQ4K,48JQQKKK
1.38121E+13,K8QKKTJ9,K8QK,KTJ9,89TJQKKK
1.38121E+13,K8QKJQ9J,K8QK,JQ9J,89JJQQKK
1.38121E+13,K8QKJQ1K,K8QK,JQ1K,18JQQKKK
1.38121E+13,K8QKK5JJ,K8QK,K5JJ,58JJQKKK
1.11241E+13,JQ4KJ5JK,JQ4K,J5JK,45JJJQKK
1.11241E+13,JQ4KJJ2K,JQ4K,JJ2K,24JJJQKK
1.11241E+13,JQ4KK6TJ,JQ4K,K6TJ,46TJJQKK
1.11241E+13,JQ4K1JQK,JQ4K,1JQK,14JJQQKK
1.11241E+13,JQ4KTQ4J,JQ4K,TQ4J,44TJJQQK
1.11241E+13,JQ4K4QKJ,JQ4K,4QKJ,44JJQQKK
1.11241E+13,JQ4KKJT9,JQ4K,KJT9,49TJJQKK
1.11241E+13,JQ4KKTJ9,JQ4K,KTJ9,49TJJQKK
1.11241E+13,JQ4KJQ9J,JQ4K,JQ9J,49JJJQQK
1.11241E+13,JQ4KQT4J,JQ4K,QT4J,44TJJQQK
1.11241E+13,JQ4K8JTJ,JQ4K,8JTJ,48TJJJQK
1.11241E+13,JQ4KJ1QK,JQ4K,J1QK,14JJQQKK
1.19131E+13,J9KKTQ4J,J9KK,TQ4J,49TJJQKK
1.19131E+13,J9KK3KJK,J9KK,3KJK,39JJKKKK
1.19131E+13,J9KK4JQK,J9KK,4JQK,49JJQKKK
1.19131E+13,J9KKQQQ1,J9KK,QQQ1,19JQQQKK
1.19131E+13,J9KKQK2K,J9KK,QK2K,29JQKKKK
1.19131E+13,J9KKJ7JJ,J9KK,J7JJ,79JJJJKK
1.19131E+13,J9KKKK3J,J9KK,KK3J,39JJKKKK
1.19131E+13,J9KKJQK1,J9KK,JQK1,19JJQKKK
1.19131E+13,J9KKQT4J,J9KK,QT4J,49TJJQKK
1.19131E+13,J9KK5JTJ,J9KK,5JTJ,59TJJJKK
1.19131E+13,J9KKK9TJ,J9KK,K9TJ,99TJJKKK
1.19131E+13,J9KKKK9J,J9KK,KK9J,99JJKKKK
1.19131E+13,J9KKT1TK,J9KK,T1TK,19TTJKKK
1.19131E+13,J9KKKQ8K,J9KK,KQ8K,89JQKKKK
1.31012E+13,KTJ9T6KJ,KTJ9,T6KJ,69TTJJKK
1.31012E+13,KTJ94TKK,KTJ9,4TKK,49TTJKKK
1.31012E+13,KTJ9J6KK,KTJ9,J6KK,69TJJKKK
1.31012E+13,KTJ9QK2K,KTJ9,QK2K,29TJQKKK
1.31012E+13,KTJ96TKJ,KTJ9,6TKJ,69TTJJKK
1.31012E+13,KTJ9QTQ3,KTJ9,QTQ3,39TTJQQK
1.31012E+13,KTJ9J9KK,KTJ9,J9KK,99TJJKKK
1.31012E+13,KTJ9QQT3,KTJ9,QQT3,39TTJQQK
1.31012E+13,KTJ9QKQ9,KTJ9,QKQ9,99TJQQKK
1.31012E+13,KTJ9KJQ7,KTJ9,KJQ7,79TJJQKK
1.31381E+13,KK8KJ1QJ,KK8K,J1QJ,18JJQKKK
1.31381E+13,KK8KK1KJ,KK8K,K1KJ,18JKKKKK
1.31381E+13,KK8K6TQK,KK8K,6TQK,68TQKKKK
1.31381E+13,KK8KQ9QJ,KK8K,Q9QJ,89JQQKKK
1.31381E+13,KK8KKJ3J,KK8K,KJ3J,38JJKKKK
1.31381E+13,KK8KJKK7,KK8K,JKK7,78JKKKKK
1.31381E+13,KK8KQTT3,KK8K,QTT3,38TTQKKK
1.31381E+13,KK8KQT6K,KK8K,QT6K,68TQKKKK
1.31381E+13,KK8K1JQJ,KK8K,1JQJ,18JJQKKK
1.31381E+13,KK8KJJ2J,KK8K,JJ2J,28JJJKKK
1.31381E+13,KK8K1KJK,KK8K,1KJK,18JKKKKK
1.31381E+13,KK8KQJ8K,KK8K,QJ8K,88JQKKKK
1.31381E+13,KK8KJ3JK,KK8K,J3JK,38JJKKKK
1.26131E+13,Q6KKT7KJ,Q6KK,T7KJ,67TJQKKK
1.26131E+13,Q6KKQT6K,Q6KK,QT6K,66TQQKKK
1.26131E+13,Q6KKKQ2J,Q6KK,KQ2J,26JQQKKK
1.26131E+13,Q6KK5KTK,Q6KK,5KTK,56TQKKKK
1.26131E+13,Q6KKJT4K,Q6KK,JT4K,46TJQKKK
1.26131E+13,Q6KK5QJK,Q6KK,5QJK,56JQQKKK
1.34131E+13,K4KK2JKJ,K4KK,2JKJ,24JJKKKK
1.34131E+13,K4KKJT9K,K4KK,JT9K,49TJKKKK
1.34131E+13,K4KK6TKJ,K4KK,6TKJ,46TJKKKK
1.34131E+13,K4KKQ8QJ,K4KK,Q8QJ,48JQQKKK
1.34131E+13,K4KK4QTJ,K4KK,4QTJ,44TJQKKK
1.34131E+13,K4KKKJT3,K4KK,KJT3,34TJKKKK
1.34131E+13,K4KKK8QK,K4KK,K8QK,48QKKKKK
1.34131E+13,K4KKKTJ9,K4KK,KTJ9,49TJKKKK
1.34131E+13,K4KKJQT7,K4KK,JQT7,47TJQKKK
1.34131E+13,K4KK6JTK,K4KK,6JTK,46TJKKKK
1.34131E+13,K4KKK5JJ,K4KK,K5JJ,45JJKKKK
1.11013E+13,JTK3TJK9,JTK3,TJK9,39TTJJKK
1.11013E+13,JTK34JQK,JTK3,4JQK,34TJJQKK
1.11013E+13,JTK3JQ6J,JTK3,JQ6J,36TJJJQK
1.11013E+13,JTK36KKJ,JTK3,6KKJ,36TJJKKK
1.11013E+13,JTK3QJ9J,JTK3,QJ9J,39TJJJQK
1.11013E+13,JTK3Q8QJ,JTK3,Q8QJ,38TJJQQK
1.11013E+13,JTK3K5QK,JTK3,K5QK,35TJQKKK
1.31221E+13,KQ2JTQ8J,KQ2J,TQ8J,28TJJQQK
1.31221E+13,KQ2JJ9TJ,KQ2J,J9TJ,29TJJJQK
1.31221E+13,KQ2JJQQ9,KQ2J,JQQ9,29JJQQQK
1.31221E+13,KQ2J2KTK,KQ2J,2KTK,22TJQKKK
1.31221E+13,KQ2J2TKK,KQ2J,2TKK,22TJQKKK
1.31221E+13,KQ2J4TTJ,KQ2J,4TTJ,24TTJJQK
1.31221E+13,KQ2J6TJJ,KQ2J,6TJJ,26TJJJQK
1.31221E+13,KQ2JQQ6J,KQ2J,QQ6J,26JJQQQK
1.17111E+13,J7JJKT6J,J7JJ,KT6J,67TJJJJK
1.17111E+13,J7JJJT9K,J7JJ,JT9K,79TJJJJK
1.17111E+13,J7JJ4KKK,J7JJ,4KKK,47JJJKKK
1.17111E+13,J7JJQQ6K,J7JJ,QQ6K,67JJJQQK
1.17111E+13,J7JJQQQ1,J7JJ,QQQ1,17JJJQQQ
1.17111E+13,J7JJJ2TJ,J7JJ,J2TJ,27TJJJJJ
1.17111E+13,J7JJJKT3,J7JJ,JKT3,37TJJJJK
1.17111E+13,J7JJK8JJ,J7JJ,K8JJ,78JJJJJK
1.17111E+13,J7JJK9JK,J7JJ,K9JK,79JJJJKK
1.17111E+13,J7JJKQ5K,J7JJ,KQ5K,57JJJQKK
1.17111E+13,J7JJ1QTJ,J7JJ,1QTJ,17TJJJJQ
5.12121E+13,5QQJ4KKK,5QQJ,4KKK,45JQQKKK
5.12121E+13,5QQJJ2TJ,5QQJ,J2TJ,25TJJJQQ
5.12121E+13,5QQJ3TKJ,5QQJ,3TKJ,35TJJQQK
5.12121E+13,5QQJJKT3,5QQJ,JKT3,35TJJQQK
5.12121E+13,5QQJ6KKJ,5QQJ,6KKJ,56JJQQKK
5.12121E+13,5QQJKTK7,5QQJ,KTK7,57TJQQKK
5.12121E+13,5QQJK9TJ,5QQJ,K9TJ,59TJJQQK
5.12121E+13,5QQJKQ5K,5QQJ,KQ5K,55JQQQKK
5.12121E+13,5QQJ1QTJ,5QQJ,1QTJ,15TJJQQQ
1.04131E+13,T4KJ4QQK,T4KJ,4QQK,44TJQQKK
1.04131E+13,T4KJJKK7,T4KJ,JKK7,47TJJKKK
1.31331E+13,KK3J2JKJ,KK3J,2JKJ,23JJJKKK
1.31331E+13,KK3JKT3J,KK3J,KT3J,33TJJKKK
1.31331E+13,KK3J4TKK,KK3J,4TKK,34TJKKKK
1.31331E+13,KK3JQT7J,KK3J,QT7J,37TJJQKK
1.31331E+13,KK3JJQJ3,KK3J,JQJ3,33JJJQKK
1.31331E+13,KK3JQTQ3,KK3J,QTQ3,33TJQQKK
1.31331E+13,KK3J2TJJ,KK3J,2TJJ,23TJJJKK
1.31331E+13,KK3J4QTJ,KK3J,4QTJ,34TJJQKK
1.31331E+13,KK3JJ9KK,KK3J,J9KK,39JJKKKK
1.31331E+13,KK3JKTJ9,KK3J,KTJ9,39TJJKKK
1.31331E+13,KK3JJQK1,KK3J,JQK1,13JJQKKK
1.31331E+13,KK3J1TQJ,KK3J,1TQJ,13TJJQKK
1.31331E+13,KK3JK9TJ,KK3J,K9TJ,39TJJKKK
1.31331E+13,KK3JJQ1K,KK3J,JQ1K,13JJQKKK
1.31331E+13,KK3JKQ8K,KK3J,KQ8K,38JQKKKK
1.21131E+13,Q1KJ9KTJ,Q1KJ,9KTJ,19TJJQKK
1.21131E+13,Q1KJJT9K,Q1KJ,JT9K,19TJJQKK
1.21131E+13,Q1KJJQ6J,Q1KJ,JQ6J,16JJJQQK
1.21131E+13,Q1KJQJ9J,Q1KJ,QJ9J,19JJJQQK
1.21131E+13,Q1KJ3JTK,Q1KJ,3JTK,13TJJQKK
1.21131E+13,Q1KJKQ4J,Q1KJ,KQ4J,14JJQQKK
1.21131E+13,Q1KJJQK1,Q1KJ,JQK1,11JJQQKK
1.21131E+13,Q1KJKQ5K,Q1KJ,KQ5K,15JQQKKK
1.21131E+13,Q1KJT1TK,Q1KJ,T1TK,11TTJQKK
1.14101E+13,J4TK1JTK,J4TK,1JTK,14TTJJKK
1.14101E+13,J4TKJ6JK,J4TK,J6JK,46TJJJKK
1.14101E+13,J4TKJKK7,J4TK,JKK7,47TJJKKK
1.14101E+13,J4TKQKK3,J4TK,QKK3,34TJQKKK
1.14101E+13,J4TKJ1TK,J4TK,J1TK,14TTJJKK
1.14101E+13,J4TKQ2JK,J4TK,Q2JK,24TJJQKK
1.14101E+13,J4TKQQJ9,J4TK,QQJ9,49TJJQQK
1.11291E+13,JQ9JJTQ7,JQ9J,JTQ7,79TJJJQQ
1.11291E+13,JQ9J8QTK,JQ9J,8QTK,89TJJQQK
1.11291E+13,JQ9J4KKK,JQ9J,4KKK,49JJQKKK
1.11291E+13,JQ9J2TQK,JQ9J,2TQK,29TJJQQK
1.11291E+13,JQ9J7TKK,JQ9J,7TKK,79TJJQKK
1.11291E+13,JQ9JQJ3J,JQ9J,QJ3J,39JJJJQQ
1.11291E+13,JQ9J6KKJ,JQ9J,6KKJ,69JJJQKK
1.11291E+13,JQ9JJ7JJ,JQ9J,J7JJ,79JJJJJQ
1.11291E+13,JQ9J5QQJ,JQ9J,5QQJ,59JJJQQQ
1.11291E+13,JQ9JQ1KJ,JQ9J,Q1KJ,19JJJQQK
1.11291E+13,JQ9JK5QK,JQ9J,K5QK,59JJQQKK
1.11291E+13,JQ9JKQ5K,JQ9J,KQ5K,59JJQQKK
1.11291E+13,JQ9JKK9J,JQ9J,KK9J,99JJJQKK
1.21021E+13,QT2JJK7K,QT2J,JK7K,27TJJQKK
1.21021E+13,QT2JQTT3,QT2J,QTT3,23TTTJQQ
1.21021E+13,QT2JKTQ3,QT2J,KTQ3,23TTJQQK
1.21021E+13,QT2JTK7J,QT2J,TK7J,27TTJJQK
1.21021E+13,QT2JQKT9,QT2J,QKT9,29TTJQQK
1.21021E+13,QT2J5TQJ,QT2J,5TQJ,25TTJJQQ
1.21021E+13,QT2JJQ5K,QT2J,JQ5K,25TJJQQK
1.21021E+13,QT2JQ2JK,QT2J,Q2JK,22TJJQQK
1.21021E+13,QT2J5KTK,QT2J,5KTK,25TTJQKK
1.21021E+13,QT2JJ6TJ,QT2J,J6TJ,26TTJJJQ
1.21021E+13,QT2JJT3J,QT2J,JT3J,23TTJJJQ
1.21181E+13,QJ8K6TQK,QJ8K,6TQK,68TJQQKK
1.21181E+13,QJ8KJQ5K,QJ8K,JQ5K,58JJQQKK
1.21181E+13,QJ8K4TTJ,QJ8K,4TTJ,48TTJJQK
1.21181E+13,QJ8KQQ6J,QJ8K,QQ6J,68JJQQQK
1.21181E+13,QJ8KTTQ9,QJ8K,TTQ9,89TTJQQK
1.11211E+13,JQT79KTJ,JQT7,9KTJ,79TTJJQK
1.11211E+13,JQT7TQ2K,JQT7,TQ2K,27TTJQQK
1.11211E+13,JQT7TJK9,JQT7,TJK9,79TTJJQK
1.11211E+13,JQT7J2TJ,JQT7,J2TJ,27TTJJJQ
1.11211E+13,JQT7JTT3,JQT7,JTT3,37TTTJJQ
1.11211E+13,JQT74QTJ,JQT7,4QTJ,47TTJJQQ
1.11211E+13,JQT7JQ4K,JQT7,JQ4K,47TJJQQK
1.11211E+13,JQT7JQ9J,JQT7,JQ9J,79TJJJQQ
1.11211E+13,JQT7TK7K,JQT7,TK7K,77TTJQKK
1.11211E+13,JQT7KQ5K,JQT7,KQ5K,57TJQQKK
1.11211E+13,JQT7K5JJ,JQT7,K5JJ,57TJJJQK
1.11211E+13,JQT71QTJ,JQT7,1QTJ,17TTJJQQ
1.39111E+13,K9JKJTQ7,K9JK,JTQ7,79TJJQKK
1.39111E+13,K9JKKT6J,K9JK,KT6J,69TJJKKK
1.39111E+13,K9JKTQ4J,K9JK,TQ4J,49TJJQKK
1.39111E+13,K9JKQQ6K,K9JK,QQ6K,69JQQKKK
1.39111E+13,K9JK4QJK,K9JK,4QJK,49JJQKKK
1.39111E+13,K9JK7JQK,K9JK,7JQK,79JJQKKK
1.39111E+13,K9JK5KJJ,K9JK,5KJJ,59JJJKKK
1.39111E+13,K9JKK9TJ,K9JK,K9TJ,99TJJKKK
1.39111E+13,K9JKJT3K,K9JK,JT3K,39TJJKKK
6.11101E+13,6JTKTQ2K,6JTK,TQ2K,26TTJQKK
6.11101E+13,6JTK8QTK,6JTK,8QTK,68TTJQKK
6.11101E+13,6JTKK6TJ,6JTK,K6TJ,66TTJJKK
6.11101E+13,6JTKQK2K,6JTK,QK2K,26TJQKKK
6.11101E+13,6JTKJTT3,6JTK,JTT3,36TTTJJK
6.11101E+13,6JTKQ8QJ,6JTK,Q8QJ,68TJJQQK
6.11101E+13,6JTKJQ9J,6JTK,JQ9J,69TJJJQK
6.11101E+13,6JTKQQT3,6JTK,QQT3,36TTJQQK
6.11101E+13,6JTKJ8KJ,6JTK,J8KJ,68TJJJKK
1.11213E+13,JQK19KTJ,JQK1,9KTJ,19TJJQKK
1.11213E+13,JQK1TQ4J,JQK1,TQ4J,14TJJQQK
1.11213E+13,JQK1JQJ3,JQK1,JQJ3,13JJJQQK
1.11213E+13,JQK1QTQ3,JQK1,QTQ3,13TJQQQK
1.11213E+13,JQK1JJ7J,JQK1,JJ7J,17JJJJQK
1.11213E+13,JQK1K8JJ,JQK1,K8JJ,18JJJQKK
1.11213E+13,JQK1K4KK,JQK1,K4KK,14JQKKKK
1.11213E+13,JQK16JTK,JQK1,6JTK,16TJJQKK
1.11213E+13,JQK1QQT3,JQK1,QQT3,13TJQQQK
1.11213E+13,JQK18JTJ,JQK1,8JTJ,18TJJJQK
1.11213E+13,JQK1JQ1K,JQK1,JQ1K,11JJQQKK
1.11071E+13,JT7KJT6J,JT7K,JT6J,67TTJJJK
1.11071E+13,JT7KKQK3,JT7K,KQK3,37TJQKKK
1.11071E+13,JT7K5TQJ,JT7K,5TQJ,57TTJJQK
1.11071E+13,JT7K6TJJ,JT7K,6TJJ,67TTJJJK
1.11071E+13,JT7KKQK9,JT7K,KQK9,79TJQKKK
1.11071E+13,JT7KTT4J,JT7K,TT4J,47TTTJJK
1.11071E+13,JT7K5QJK,JT7K,5QJK,57TJJQKK
1.01371E+13,TK7KJ5JK,TK7K,J5JK,57TJJKKK
1.01371E+13,TK7K2JKJ,TK7K,2JKJ,27TJJKKK
1.01371E+13,TK7KK6TJ,TK7K,K6TJ,67TTJKKK
1.01371E+13,TK7KKT6J,TK7K,KT6J,67TTJKKK
1.01371E+13,TK7KJT9K,TK7K,JT9K,79TTJKKK
1.01371E+13,TK7KJ9TK,TK7K,J9TK,79TTJKKK
1.01371E+13,TK7KJTT3,TK7K,JTT3,37TTTJKK
1.01371E+13,TK7KQTQ3,TK7K,QTQ3,37TTQQKK
1.01371E+13,TK7KJJ7J,TK7K,JJ7J,77TJJJKK
1.01371E+13,TK7KJKT3,TK7K,JKT3,37TTJKKK
1.01371E+13,TK7K3JTK,TK7K,3JTK,37TTJKKK
1.01371E+13,TK7KQKQ9,TK7K,QKQ9,79TQQKKK
1.01371E+13,TK7KQT4J,TK7K,QT4J,47TTJQKK
1.01371E+13,TK7KK9TJ,TK7K,K9TJ,79TTJKKK
1.01371E+13,TK7K3KKJ,TK7K,3KKJ,37TJKKKK
1.01371E+13,TK7KKQ8K,TK7K,KQ8K,78TQKKKK
7.11121E+13,7JQKJJ2K,7JQK,JJ2K,27JJJQKK
7.11121E+13,7JQK1JQK,7JQK,1JQK,17JJQQKK
7.11121E+13,7JQKTQ4J,7JQK,TQ4J,47TJJQQK
7.11121E+13,7JQKQQ6K,7JQK,QQ6K,67JQQQKK
7.11121E+13,7JQK4QJK,7JQK,4QJK,47JJQQKK
7.11121E+13,7JQKQJ3J,7JQK,QJ3J,37JJJQQK
7.11121E+13,7JQKQTQ3,7JQK,QTQ3,37TJQQQK
7.11121E+13,7JQKJKT3,7JQK,JKT3,37TJJQKK
7.11121E+13,7JQKK8JJ,7JQK,K8JJ,78JJJQKK
7.11121E+13,7JQKJQ4K,7JQK,JQ4K,47JJQQKK
7.11121E+13,7JQKKTJ9,7JQK,KTJ9,79TJJQKK
7.11121E+13,7JQKQ1KJ,7JQK,Q1KJ,17JJQQKK
7.11121E+13,7JQKKJQ7,7JQK,KJQ7,77JJQQKK
7.11121E+13,7JQKT7KK,7JQK,T7KK,77TJQKKK
7.11121E+13,7JQKJ1QK,7JQK,J1QK,17JJQQKK
7.11121E+13,7JQKJT3K,7JQK,JT3K,37TJJQKK
7.11121E+13,7JQKK5JJ,7JQK,K5JJ,57JJJQKK
1.2121E+13,QQT39KTJ,QQT3,9KTJ,39TTJQQK
1.2121E+13,QQT3JJ2K,QQT3,JJ2K,23TJJQQK
1.2121E+13,QQT32JKJ,QQT3,2JKJ,23TJJQQK
1.2121E+13,QQT31JQK,QQT3,1JQK,13TJQQQK
1.2121E+13,QQT3QT7J,QQT3,QT7J,37TTJQQQ
1.2121E+13,QQT34QJK,QQT3,4QJK,34TJQQQK
1.2121E+13,QQT36TKJ,QQT3,6TKJ,36TTJQQK
1.2121E+13,QQT33JTK,QQT3,3JTK,33TTJQQK
1.2121E+13,QQT3J7JJ,QQT3,J7JJ,37TJJJQQ
1.2121E+13,QQT3KK3J,QQT3,KK3J,33TJQQKK
1.2121E+13,QQT36JTK,QQT3,6JTK,36TTJQQK
1.2121E+13,QQT3QQ8J,QQT3,QQ8J,38TJQQQQ
1.2121E+13,QQT3K9TJ,QQT3,K9TJ,39TTJQQK
1.2121E+13,QQT3J1QK,QQT3,J1QK,13TJQQQK
1.2121E+13,QQT3KQ8K,QQT3,KQ8K,38TQQQKK
1.21261E+13,QQ6JJ6JK,QQ6J,J6JK,66JJJQQK
1.21261E+13,QQ6J4QQK,QQ6J,4QQK,46JQQQQK
1.21261E+13,QQ6JQKT9,QQ6J,QKT9,69TJQQQK
1.21261E+13,QQ6JJQ5K,QQ6J,JQ5K,56JJQQQK
1.21261E+13,QQ6J6TJJ,QQ6J,6TJJ,66TJJJQQ
1.21261E+13,QQ6JQ2JK,QQ6J,Q2JK,26JJQQQK
1.21261E+13,QQ6JJ4TK,QQ6J,J4TK,46TJJQQK
1.21261E+13,QQ6JQTQ7,QQ6J,QTQ7,67TJQQQQ
1.21313E+13,QKQ92TQK,QKQ9,2TQK,29TQQQKK
1.21313E+13,QKQ9KJT9,QKQ9,KJT9,99TJQQKK
1.21313E+13,QKQ9QTQ3,QKQ9,QTQ3,39TQQQQK
1.21313E+13,QKQ9JJ7J,QKQ9,JJ7J,79JJJQQK
1.21313E+13,QKQ9KJQ7,QKQ9,KJQ7,79JQQQKK
1.21313E+13,QKQ9QQ8J,QKQ9,QQ8J,89JQQQQK
1.21313E+13,QKQ9T7KK,QKQ9,T7KK,79TQQKKK
1.21313E+13,QKQ91TQJ,QKQ9,1TQJ,19TJQQQK
1.21313E+13,QKQ9QT4J,QKQ9,QT4J,49TJQQQK
1.13111E+13,J3JKQ7QK,J3JK,Q7QK,37JJQQKK
1.13111E+13,J3JKKTQ3,J3JK,KTQ3,33TJJQKK
1.13111E+13,J3JKKQK3,J3JK,KQK3,33JJQKKK
1.35121E+13,K5QKKT6J,K5QK,KT6J,56TJQKKK
1.35121E+13,K5QKKT3J,K5QK,KT3J,35TJQKKK
1.35121E+13,K5QKTJK9,K5QK,TJK9,59TJQKKK
1.35121E+13,K5QKJ6KK,K5QK,J6KK,56JQKKKK
1.35121E+13,K5QKKQ4J,K5QK,KQ4J,45JQQKKK
1.35121E+13,K5QKK8QK,K5QK,K8QK,58QQKKKK
1.35121E+13,K5QK1TQJ,K5QK,1TQJ,15TJQQKK
1.21212E+13,QQJ9JKK7,QQJ9,JKK7,79JJQQKK
1.21212E+13,QQJ9QTT3,QQJ9,QTT3,39TTJQQQ
1.21212E+13,QQJ9KQK3,QQJ9,KQK3,39JQQQKK
1.21212E+13,QQJ9KTJ7,QQJ9,KTJ7,79TJJQQK
1.21212E+13,QQJ9Q6KK,QQJ9,Q6KK,69JQQQKK
1.21212E+13,QQJ9KQ2J,QQJ9,KQ2J,29JJQQQK
1.21212E+13,QQJ9QT2J,QQJ9,QT2J,29TJJQQQ
1.21212E+13,QQJ9QK9K,QQJ9,QK9K,99JQQQKK
1.21212E+13,QQJ95KQJ,QQJ9,5KQJ,59JJQQQK
1.21212E+13,QQJ9QTQ7,QQJ9,QTQ7,79TJQQQQ
1.31113E+13,KJQ7K6TJ,KJQ7,K6TJ,67TJJQKK
1.31113E+13,KJQ7KT6J,KJQ7,KT6J,67TJJQKK
1.31113E+13,KJQ7JT9K,KJQ7,JT9K,79TJJQKK
1.31113E+13,KJQ73KJK,KJQ7,3KJK,37JJQKKK
1.31113E+13,KJQ78KJJ,KJQ7,8KJJ,78JJJQKK
1.31113E+13,KJQ7JTT3,KJQ7,JTT3,37TTJJQK
1.31113E+13,KJQ7QTQ3,KJQ7,QTQ3,37TJQQQK
1.31113E+13,KJQ7JJ7J,KJQ7,JJ7J,77JJJJQK
1.31113E+13,KJQ76KKJ,KJQ7,6KKJ,67JJQKKK
1.31113E+13,KJQ75QQJ,KJQ7,5QQJ,57JJQQQK
1.31113E+13,KJQ7JQK1,KJQ7,JQK1,17JJQQKK
1.31113E+13,KJQ7QQT3,KJQ7,QQT3,37TJQQQK
1.31113E+13,KJQ7QKQ9,KJQ7,QKQ9,79JQQQKK
1.31113E+13,KJQ7J8KJ,KJQ7,J8KJ,78JJJQKK
1.31113E+13,KJQ7KQ8K,KJQ7,KQ8K,78JQQKKK
5.13101E+13,5KTK4QJJ,5KTK,4QJJ,45TJJQKK
5.13101E+13,5KTKKTJ7,5KTK,KTJ7,57TTJKKK
5.13101E+13,5KTK4TTJ,5KTK,4TTJ,45TTTJKK
5.13101E+13,5KTKQ2JK,5KTK,Q2JK,25TJQKKK
5.13101E+13,5KTKJT7K,5KTK,JT7K,57TTJKKK
5.13101E+13,5KTKJT3J,5KTK,JT3J,35TTJJKK
1.21281E+13,QQ8J3JKK,QQ8J,3JKK,38JJQQKK
1.21281E+13,QQ8J2TQK,QQ8J,2TQK,28TJQQQK
1.21281E+13,QQ8JQTQ3,QQ8J,QTQ3,38TJQQQQ
1.21281E+13,QQ8JJKT3,QQ8J,JKT3,38TJJQQK
1.21281E+13,QQ8JKQ4J,QQ8J,KQ4J,48JJQQQK
1.21281E+13,QQ8JJTK3,QQ8J,JTK3,38TJJQQK
1.21281E+13,QQ8JK9JK,QQ8J,K9JK,89JJQQKK
1.21281E+13,QQ8J7JQK,QQ8J,7JQK,78JJQQQK
1.21281E+13,QQ8JQKQ9,QQ8J,QKQ9,89JQQQQK
1.21281E+13,QQ8JQ9JJ,QQ8J,Q9JJ,89JJJQQQ
1.31214E+13,KQK9TQ8J,KQK9,TQ8J,89TJQQKK
1.31214E+13,KQK9JK7K,KQK9,JK7K,79JQKKKK
1.31214E+13,KQK91JTK,KQK9,1JTK,19TJQKKK
1.31214E+13,KQK9J1TK,KQK9,J1TK,19TJQKKK
1.31214E+13,KQK91KJK,KQK9,1KJK,19JQKKKK
1.31214E+13,KQK9QJ8K,KQK9,QJ8K,89JQQKKK
1.31214E+13,KQK9J3JK,KQK9,J3JK,39JJQKKK
1.31214E+13,KQK95QJK,KQK9,5QJK,59JQQKKK
1.07131E+13,T7KKJTQ7,T7KK,JTQ7,77TTJQKK
1.07131E+13,T7KKKT3J,T7KK,KT3J,37TTJKKK
1.07131E+13,T7KK3JKK,T7KK,3JKK,37TJKKKK
1.07131E+13,T7KK4KKK,T7KK,4KKK,47TKKKKK
1.07131E+13,T7KKJQ6J,T7KK,JQ6J,67TJJQKK
1.07131E+13,T7KK2TQK,T7KK,2TQK,27TTQKKK
1.07131E+13,T7KK3TKJ,T7KK,3TKJ,37TTJKKK
1.07131E+13,T7KKJKT3,T7KK,JKT3,37TTJKKK
1.07131E+13,T7KKQJ9J,T7KK,QJ9J,79TJJQKK
1.07131E+13,T7KKJ7JJ,T7KK,J7JJ,77TJJJKK
1.07131E+13,T7KKQQT3,T7KK,QQT3,37TTQQKK
1.07131E+13,T7KKQKQ9,T7KK,QKQ9,79TQQKKK
1.07131E+13,T7KKQQ8J,T7KK,QQ8J,78TJQQKK
1.07131E+13,T7KKJT3K,T7KK,JT3K,37TTJKKK
1.10121E+13,1TQJ2JKJ,1TQJ,2JKJ,12TJJJQK
1.10121E+13,1TQJ3KJK,1TQJ,3KJK,13TJJQKK
1.10121E+13,1TQJQTQ3,1TQJ,QTQ3,13TTJQQQ
1.10121E+13,1TQJQ8QJ,1TQJ,Q8QJ,18TJJQQQ
1.10121E+13,1TQJJ9KK,1TQJ,J9KK,19TJJQKK
1.10121E+13,1TQJJQK1,1TQJ,JQK1,11TJJQQK
1.10121E+13,1TQJTK7K,1TQJ,TK7K,17TTJQKK
1.10121E+13,1TQJQQ8J,1TQJ,QQ8J,18TJJQQQ
1.10121E+13,1TQJQT4J,1TQJ,QT4J,14TTJJQQ
1.10121E+13,1TQJKK9J,1TQJ,KK9J,19TJJQKK
5.13111E+13,5KJJ9KTJ,5KJJ,9KTJ,59TJJJKK
5.13111E+13,5KJJK4KK,5KJJ,K4KK,45JJKKKK
5.13111E+13,5KJJTK7K,5KJJ,TK7K,57TJJKKK
5.13111E+13,5KJJK5JJ,5KJJ,K5JJ,55JJJJKK
1.01251E+13,TQ5KKT6J,TQ5K,KT6J,56TTJQKK
1.01251E+13,TQ5KTJK9,TQ5K,TJK9,59TTJQKK
1.01251E+13,TQ5KQQQ1,TQ5K,QQQ1,15TQQQQK
1.01251E+13,TQ5KKTK7,TQ5K,KTK7,57TTQKKK
1.01251E+13,TQ5KJ9KK,TQ5K,J9KK,59TJQKKK
1.01251E+13,TQ5KTK7K,TQ5K,TK7K,57TTQKKK
1.01251E+13,TQ5KQQ8J,TQ5K,QQ8J,58TJQQQK
1.16101E+13,J6TJK8KK,J6TJ,K8KK,68TJJKKK
1.16101E+13,J6TJKJK1,J6TJ,KJK1,16TJJJKK
1.16101E+13,J6TJQKK3,J6TJ,QKK3,36TJJQKK
1.16101E+13,J6TJKTJ7,J6TJ,KTJ7,67TTJJJK
1.16101E+13,J6TJ4TTJ,J6TJ,4TTJ,46TTTJJJ
1.16101E+13,J6TJQ6KK,J6TJ,Q6KK,66TJJQKK
1.16101E+13,J6TJQQ6J,J6TJ,QQ6J,66TJJJQQ
1.16101E+13,J6TJ5KQJ,J6TJ,5KQJ,56TJJJQK
1.21041E+13,QT4J4JQK,QT4J,4JQK,44TJJQQK
1.21041E+13,QT4J4KKK,QT4J,4KKK,44TJQKKK
1.21041E+13,QT4JJ6KK,QT4J,J6KK,46TJJQKK
1.21041E+13,QT4JK2QK,QT4J,K2QK,24TJQQKK
1.21041E+13,QT4J8KJJ,QT4J,8KJJ,48TJJJQK
1.21041E+13,QT4JJTT3,QT4J,JTT3,34TTTJJQ
1.21041E+13,QT4JQTQ3,QT4J,QTQ3,34TTJQQQ
1.21041E+13,QT4JK8JJ,QT4J,K8JJ,48TJJJQK
1.21041E+13,QT4J5QQJ,QT4J,5QQJ,45TJJQQQ
1.21041E+13,QT4JJQ9J,QT4J,JQ9J,49TJJJQQ
1.21041E+13,QT4JQQ8J,QT4J,QQ8J,48TJJQQQ
5.11101E+13,5JTJKT6J,5JTJ,KT6J,56TTJJJK
5.11101E+13,5JTJT6KJ,5JTJ,T6KJ,56TTJJJK
5.11101E+13,5JTJJ6KK,5JTJ,J6KK,56TJJJKK
5.11101E+13,5JTJKJT9,5JTJ,KJT9,59TTJJJK
5.11101E+13,5JTJJJ7J,5JTJ,JJ7J,57TJJJJJ
5.11101E+13,5JTJK8QK,5JTJ,K8QK,58TJJQKK
5.11101E+13,5JTJJ9KK,5JTJ,J9KK,59TJJJKK
5.11101E+13,5JTJKTJ9,5JTJ,KTJ9,59TTJJJK
5.11101E+13,5JTJ5QQJ,5JTJ,5QQJ,55TJJJQQ
5.11101E+13,5JTJ6JTK,5JTJ,6JTK,56TTJJJK
5.11101E+13,5JTJ1TQJ,5JTJ,1TQJ,15TTJJJQ
5.11101E+13,5JTJK9TJ,5JTJ,K9TJ,59TTJJJK
1.11031E+13,JT3J1JTK,JT3J,1JTK,13TTJJJK
1.11031E+13,JT3J2TKK,JT3J,2TKK,23TTJJKK
1.11031E+13,JT3JTK7J,JT3J,TK7J,37TTJJJK
1.11031E+13,JT3JJ1TK,JT3J,J1TK,13TTJJJK
1.11031E+13,JT3JQ2JK,JT3J,Q2JK,23TJJJQK
1.11031E+13,JT3JQ6KK,JT3J,Q6KK,36TJJQKK
1.11031E+13,JT3JT4KJ,JT3J,T4KJ,34TTJJJK
1.11031E+13,JT3JQT2J,JT3J,QT2J,23TTJJJQ
1.11031E+13,JT3JK7JK,JT3J,K7JK,37TJJJKK
1.29111E+13,Q9JJ3JKK,Q9JJ,3JKK,39JJJQKK
1.29111E+13,Q9JJQQ6K,Q9JJ,QQ6K,69JJQQQK
1.29111E+13,Q9JJ2TQK,Q9JJ,2TQK,29TJJQQK
1.29111E+13,Q9JJ6JTK,Q9JJ,6JTK,69TJJJQK
1.29111E+13,Q9JJ7JQK,Q9JJ,7JQK,79JJJQQK
1.29111E+13,Q9JJQKQ9,Q9JJ,QKQ9,99JJQQQK
1.21391E+13,QK9KK8KK,QK9K,K8KK,89QKKKKK
1.21391E+13,QK9KT7KJ,QK9K,T7KJ,79TJQKKK
1.21391E+13,QK9K2KTK,QK9K,2KTK,29TQKKKK
1.21391E+13,QK9KQ5TJ,QK9K,Q5TJ,59TJQQKK
1.21391E+13,QK9KQJ4J,QK9K,QJ4J,49JJQQKK
1.21391E+13,QK9K4TTJ,QK9K,4TTJ,49TTJQKK
1.21391E+13,QK9KTJT7,QK9K,TJT7,79TTJQKK
1.21391E+13,QK9KK7JK,QK9K,K7JK,79JQKKKK
1.0121E+13,TQT3K1KJ,TQT3,K1KJ,13TTJQKK
1.0121E+13,TQT3KJ3J,TQT3,KJ3J,33TTJJQK
1.0121E+13,TQT3Q7QK,TQT3,Q7QK,37TTQQQK
1.0121E+13,TQT3QT6K,TQT3,QT6K,36TTTQQK
1.0121E+13,TQT3Q9KK,TQT3,Q9KK,39TTQQKK
1.0121E+13,TQT3JT4K,TQT3,JT4K,34TTTJQK
1.01111E+13,TJT7TQ8J,TJT7,TQ8J,78TTTJJQ
1.01111E+13,TJT7T5KK,TJT7,T5KK,57TTTJKK
1.01111E+13,TJT7TJK7,TJT7,TJK7,77TTTJJK
1.01111E+13,TJT71KJK,TJT7,1KJK,17TTJJKK
1.01111E+13,TJT7JT7K,TJT7,JT7K,77TTTJJK
1.01111E+13,TJT7J3JK,TJT7,J3JK,37TTJJJK
1.01111E+13,TJT7QK9K,TJT7,QK9K,79TTJQKK
1.01111E+13,TJT76JTJ,TJT7,6JTJ,67TTTJJJ
1.01041E+13,TT4JJ9TJ,TT4J,J9TJ,49TTTJJJ
1.01041E+13,TT4JK1KJ,TT4J,K1KJ,14TTJJKK
1.01041E+13,TT4JJ6JK,TT4J,J6JK,46TTJJJK
1.01041E+13,TT4JKJ3J,TT4J,KJ3J,34TTJJJK
1.01041E+13,TT4JQKT9,TT4J,QKT9,49TTTJQK
1.01041E+13,TT4JJ4TK,TT4J,J4TK,44TTTJJK
1.01041E+13,TT4JTJT7,TT4J,TJT7,47TTTTJJ
1.01041E+13,TT4JK7JK,TT4J,K7JK,47TTJJKK
1.01041E+13,TT4J2QTJ,TT4J,2QTJ,24TTTJJQ
1.39101E+13,K9TJ4JQK,K9TJ,4JQK,49TJJQKK
1.39101E+13,K9TJ4KKK,K9TJ,4KKK,49TJKKKK
1.39101E+13,K9TJ4TKK,K9TJ,4TKK,49TTJKKK
1.39101E+13,K9TJQT7J,K9TJ,QT7J,79TTJJQK
1.39101E+13,K9TJ8KJJ,K9TJ,8KJJ,89TJJJKK
1.39101E+13,K9TJQK2K,K9TJ,QK2K,29TJQKKK
1.39101E+13,K9TJ6TKJ,K9TJ,6TKJ,69TTJJKK
1.39101E+13,K9TJ6KKJ,K9TJ,6KKJ,69TJJKKK
1.39101E+13,K9TJJQ4K,K9TJ,JQ4K,49TJJQKK
1.39101E+13,K9TJTK7K,K9TJ,TK7K,79TTJKKK
1.39101E+13,K9TJT7KK,K9TJ,T7KK,79TTJKKK
1.01013E+13,TTQ96TQK,TTQ9,6TQK,69TTTQQK
1.01013E+13,TTQ9Q9QJ,TTQ9,Q9QJ,99TTJQQQ
1.01013E+13,TTQ92KTK,TTQ9,2KTK,29TTTQKK
1.01013E+13,TTQ9JQ5K,TTQ9,JQ5K,59TTJQQK
1.01013E+13,TTQ9QQ6J,TTQ9,QQ6J,69TTJQQQ
1.01013E+13,TTQ9TQT3,TTQ9,TQT3,39TTTTQQ
1.01013E+13,TTQ9TT4J,TTQ9,TT4J,49TTTTJQ
8.11101E+13,8JTJ9KTJ,8JTJ,9KTJ,89TTJJJK
8.11101E+13,8JTJTQ2K,8JTJ,TQ2K,28TTJJQK
8.11101E+13,8JTJ8QTK,8JTJ,8QTK,88TTJJQK
8.11101E+13,8JTJ4KKK,8JTJ,4KKK,48TJJKKK
8.11101E+13,8JTJ7TKK,8JTJ,7TKK,78TTJJKK
8.11101E+13,8JTJQK2K,8JTJ,QK2K,28TJJQKK
8.11101E+13,8JTJKJT9,8JTJ,KJT9,89TTJJJK
8.11101E+13,8JTJQTQ3,8JTJ,QTQ3,38TTJJQQ
8.11101E+13,8JTJQJ9J,8JTJ,QJ9J,89TJJJJQ
8.11101E+13,8JTJJQ4K,8JTJ,JQ4K,48TJJJQK
8.11101E+13,8JTJJQK1,8JTJ,JQK1,18TJJJQK
8.11101E+13,8JTJT7KK,8JTJ,T7KK,78TTJJKK
8.11101E+13,8JTJK9TJ,8JTJ,K9TJ,89TTJJJK
1.37111E+13,K7JKTQ8J,K7JK,TQ8J,78TJJQKK
1.37111E+13,K7JKKJK1,K7JK,KJK1,17JJKKKK
1.37111E+13,K7JKQ7JJ,K7JK,Q7JJ,77JJJQKK
1.37111E+13,K7JKJ6JK,K7JK,J6JK,67JJJKKK
1.37111E+13,K7JK2KTK,K7JK,2KTK,27TJKKKK
1.37111E+13,K7JKQ3KK,K7JK,Q3KK,37JQKKKK
1.37111E+13,K7JKQTT3,K7JK,QTT3,37TTJQKK
1.37111E+13,K7JKQT6K,K7JK,QT6K,67TJQKKK
1.37111E+13,K7JKQ9KK,K7JK,Q9KK,79JQKKKK
1.37111E+13,K7JKKQ2J,K7JK,KQ2J,27JJQKKK
1.37111E+13,K7JKQT2J,K7JK,QT2J,27TJJQKK
3.13131E+13,3KKJJT9K,3KKJ,JT9K,39TJJKKK
3.13131E+13,3KKJ9QQK,3KKJ,9QQK,39JQQKKK
3.13131E+13,3KKJJ6KK,3KKJ,J6KK,36JJKKKK
3.13131E+13,3KKJJQJ3,3KKJ,JQJ3,33JJJQKK
3.13131E+13,3KKJ8KJJ,3KKJ,8KJJ,38JJJKKK
3.13131E+13,3KKJKJT9,3KKJ,KJT9,39TJJKKK
3.13131E+13,3KKJQJ3J,3KKJ,QJ3J,33JJJQKK
3.13131E+13,3KKJQTQ3,3KKJ,QTQ3,33TJQQKK
3.13131E+13,3KKJQJ9J,3KKJ,QJ9J,39JJJQKK
3.13131E+13,3KKJ3JTK,3KKJ,3JTK,33TJJKKK
3.13131E+13,3KKJ4QTJ,3KKJ,4QTJ,34TJJQKK
3.13131E+13,3KKJKJT3,3KKJ,KJT3,33TJJKKK
3.13131E+13,3KKJKK3J,3KKJ,KK3J,33JJKKKK
3.13131E+13,3KKJQ1KJ,3KKJ,Q1KJ,13JJQKKK
3.13131E+13,3KKJJQK1,3KKJ,JQK1,13JJQKKK
3.13131E+13,3KKJQQ8J,3KKJ,QQ8J,38JJQQKK
3.13131E+13,3KKJQT4J,3KKJ,QT4J,34TJJQKK
3.13131E+13,3KKJKQ5K,3KKJ,KQ5K,35JQKKKK
3.13131E+13,3KKJJQ1K,3KKJ,JQ1K,13JJQKKK
6.11101E+13,6JTJJ9TJ,6JTJ,J9TJ,69TTJJJJ
6.11101E+13,6JTJJQQ9,6JTJ,JQQ9,69TJJJQQ
6.11101E+13,6JTJ4TTJ,6JTJ,4TTJ,46TTTJJJ
6.11101E+13,6JTJQ6KK,6JTJ,Q6KK,66TJJQKK
6.11101E+13,6JTJQK9K,6JTJ,QK9K,69TJJQKK
6.11101E+13,6JTJTTQ9,6JTJ,TTQ9,69TTTJJQ
6.11101E+13,6JTJ5KQJ,6JTJ,5KQJ,56TJJJQK
6.11101E+13,6JTJ2QTJ,6JTJ,2QTJ,26TTJJJQ
1.31251E+13,KQ5K8QTK,KQ5K,8QTK,58TQQKKK
1.31251E+13,KQ5KJ9TK,KQ5K,J9TK,59TJQKKK
1.31251E+13,KQ5KQQQ1,KQ5K,QQQ1,15QQQQKK
1.31251E+13,KQ5KKJT9,KQ5K,KJT9,59TJQKKK
1.31251E+13,KQ5KJTT3,KQ5K,JTT3,35TTJQKK
1.31251E+13,KQ5KQ8QJ,KQ5K,Q8QJ,58JQQQKK
1.31251E+13,KQ5KKQ4J,KQ5K,KQ4J,45JQQKKK
1.31251E+13,KQ5KJ7JJ,KQ5K,J7JJ,57JJJQKK
1.31251E+13,KQ5KQQT3,KQ5K,QQT3,35TQQQKK
1.31251E+13,KQ5KQQ8J,KQ5K,QQ8J,58JQQQKK
1.31251E+13,KQ5K8JTJ,KQ5K,8JTJ,58TJJQKK
1.31391E+13,KK9JTQ2K,KK9J,TQ2K,29TJQKKK
1.31391E+13,KK9J4KKK,KK9J,4KKK,49JKKKKK
1.31391E+13,KK9JTTK1,KK9J,TTK1,19TTJKKK
1.31391E+13,KK9J5QQJ,KK9J,5QQJ,59JJQQKK
1.31391E+13,KK9JK5QK,KK9J,K5QK,59JQKKKK
1.31391E+13,KK9JJ8KJ,KK9J,J8KJ,89JJJKKK
5.13121E+13,5KQJTJK7,5KQJ,TJK7,57TJJQKK
5.13121E+13,5KQJTQK3,5KQJ,TQK3,35TJQQKK
5.13121E+13,5KQJQJ8K,5KQJ,QJ8K,58JJQQKK
5.13121E+13,5KQJQQJ9,5KQJ,QQJ9,59JJQQQK
5.13121E+13,5KQJJT3J,5KQJ,JT3J,35TJJJQK
5.13121E+13,5KQJK7JK,5KQJ,K7JK,57JJQKKK
2.12101E+13,2QTJJ9TJ,2QTJ,J9TJ,29TTJJJQ
2.12101E+13,2QTJJT6J,2QTJ,JT6J,26TTJJJQ
2.12101E+13,2QTJ4QJJ,2QTJ,4QJJ,24TJJJQQ
2.12101E+13,2QTJJQQ9,2QTJ,JQQ9,29TJJQQQ
2.12101E+13,2QTJKJK1,2QTJ,KJK1,12TJJQKK
2.12101E+13,2QTJQJ4J,2QTJ,QJ4J,24TJJJQQ
2.12101E+13,2QTJ5KTK,2QTJ,5KTK,25TTJQKK
2.12101E+13,2QTJTT4J,2QTJ,TT4J,24TTTJJQ
2.12101E+13,2QTJ5KQJ,2QTJ,5KQJ,25TJJQQK
1.11211E+13,JQ1K8QTK,JQ1K,8QTK,18TJQQKK
1.11211E+13,JQ1KQQ6K,JQ1K,QQ6K,16JQQQKK
1.11211E+13,JQ1K2TQK,JQ1K,2TQK,12TJQQKK
1.11211E+13,JQ1KKQ8K,JQ1K,KQ8K,18JQQKKK
1.18131E+13,J8KJ4JQK,J8KJ,4JQK,48JJJQKK
1.18131E+13,J8KJ9QQK,J8KJ,9QQK,89JJQQKK
1.18131E+13,J8KJJTT3,J8KJ,JTT3,38TTJJJK
1.18131E+13,J8KJJKT3,J8KJ,JKT3,38TJJJKK
1.18131E+13,J8KJK8QK,J8KJ,K8QK,88JJQKKK
1.18131E+13,J8KJJ9KK,J8KJ,J9KK,89JJJKKK
1.18131E+13,J8KJ5QQJ,J8KJ,5QQJ,58JJJQQK
1.18131E+13,J8KJTK7K,J8KJ,TK7K,78TJJKKK
1.18131E+13,J8KJ5JTJ,J8KJ,5JTJ,58TJJJJK
1.18131E+13,J8KJJT3K,J8KJ,JT3K,38TJJJKK
1.11041E+13,JT4KKJK1,JT4K,KJK1,14TJJKKK
1.11041E+13,JT4K6TQK,JT4K,6TQK,46TTJQKK
1.11041E+13,JT4K2KTK,JT4K,2KTK,24TTJKKK
1.11041E+13,JT4KTJK7,JT4K,TJK7,47TTJJKK
1.11041E+13,JT4KQTT3,JT4K,QTT3,34TTTJQK
1.11041E+13,JT4KKTQ3,JT4K,KTQ3,34TTJQKK
1.11041E+13,JT4KQQ6J,JT4K,QQ6J,46TJJQQK
1.11041E+13,JT4KTQT3,JT4K,TQT3,34TTTJQK
1.11121E+13,J1QKJTQ7,J1QK,JTQ7,17TJJQQK
1.11121E+13,J1QKJ9TK,J1QK,J9TK,19TJJQKK
1.11121E+13,J1QKJQ6J,J1QK,JQ6J,16JJJQQK
1.11121E+13,J1QKQTQ3,J1QK,QTQ3,13TJQQQK
1.11121E+13,J1QKTTK1,J1QK,TTK1,11TTJQKK
1.11121E+13,J1QKQJ9J,J1QK,QJ9J,19JJJQQK
1.11121E+13,J1QKJQ4K,J1QK,JQ4K,14JJQQKK
1.11121E+13,J1QKJ7JJ,J1QK,J7JJ,17JJJJQK
1.11121E+13,J1QKQKQ9,J1QK,QKQ9,19JQQQKK
1.11121E+13,J1QKQ9JJ,J1QK,Q9JJ,19JJJQQK
1.01101E+13,T1TKJ2TJ,T1TK,J2TJ,12TTTJJK
1.01101E+13,T1TK3TKJ,T1TK,3TKJ,13TTTJKK
1.01101E+13,T1TKJQJ3,T1TK,JQJ3,13TTJJQK
1.01101E+13,T1TK6TKJ,T1TK,6TKJ,16TTTJKK
1.01101E+13,T1TK5QQJ,T1TK,5QQJ,15TTJQQK
1.01101E+13,T1TKKK3J,T1TK,KK3J,13TTJKKK
1.01101E+13,T1TKJQK1,T1TK,JQK1,11TTJQKK
1.01101E+13,T1TK7JQK,T1TK,7JQK,17TTJQKK
1.01101E+13,T1TKQKQ9,T1TK,QKQ9,19TTQQKK
1.01101E+13,T1TKJQ1K,T1TK,JQ1K,11TTJQKK
1.01101E+13,T1TK1QTJ,T1TK,1QTJ,11TTTJQK
5.12111E+13,5QJKK8KK,5QJK,K8KK,58JQKKKK
5.12111E+13,5QJKJ1QJ,5QJK,J1QJ,15JJJQQK
5.12111E+13,5QJK2TKK,5QJK,2TKK,25TJQKKK
5.12111E+13,5QJKQTT3,5QJK,QTT3,35TTJQQK
5.12111E+13,5QJKKTQ3,5QJK,KTQ3,35TJQQKK
5.12111E+13,5QJKTK7J,5QJK,TK7J,57TJJQKK
5.12111E+13,5QJKQKK3,5QJK,QKK3,35JQQKKK
5.12111E+13,5QJK1JQJ,5QJK,1JQJ,15JJJQQK
5.12111E+13,5QJKJJ2J,5QJK,JJ2J,25JJJJQK
5.12111E+13,5QJKQ6KK,5QJK,Q6KK,56JQQKKK
5.12111E+13,5QJKQJ8K,5QJK,QJ8K,58JJQQKK
5.12111E+13,5QJKQQ6J,5QJK,QQ6J,56JJQQQK
5.12111E+13,5QJKKQK9,5QJK,KQK9,59JQQKKK
5.12111E+13,5QJKJT4K,5QJK,JT4K,45TJJQKK
1.31281E+13,KQ8KKT6J,KQ8K,KT6J,68TJQKKK
1.31281E+13,KQ8KTJK9,KQ8K,TJK9,89TJQKKK
1.31281E+13,KQ8K2TQK,KQ8K,2TQK,28TQQKKK
1.31281E+13,KQ8KQJ3J,KQ8K,QJ3J,38JJQQKK
1.31281E+13,KQ8K2TJJ,KQ8K,2TJJ,28TJJQKK
1.31281E+13,KQ8KQ8QJ,KQ8K,Q8QJ,88JQQQKK
1.31281E+13,KQ8KJQ4K,KQ8K,JQ4K,48JQQKKK
1.31281E+13,KQ8KQ1KJ,KQ8K,Q1KJ,18JQQKKK
1.31281E+13,KQ8KQQT3,KQ8K,QQT3,38TQQQKK
1.31281E+13,KQ8KK5QK,KQ8K,K5QK,58QQKKKK
1.31281E+13,KQ8KKK9J,KQ8K,KK9J,89JQKKKK
1.11031E+13,JT3KJJ2K,JT3K,JJ2K,23TJJJKK
1.11031E+13,JT3K2JKJ,JT3K,2JKJ,23TJJJKK
1.11031E+13,JT3KKT6J,JT3K,KT6J,36TTJJKK
1.11031E+13,JT3K1JQK,JT3K,1JQK,13TJJQKK
1.11031E+13,JT3KJQ6J,JT3K,JQ6J,36TJJJQK
1.11031E+13,JT3K2TQK,JT3K,2TQK,23TTJQKK
1.11031E+13,JT3K3TKJ,JT3K,3TKJ,33TTJJKK
1.11031E+13,JT3KQJ9J,JT3K,QJ9J,39TJJJQK
1.11031E+13,JT3KJTK3,JT3K,JTK3,33TTJJKK
1.11031E+13,JT3KKJQ7,JT3K,KJQ7,37TJJQKK
1.11031E+13,JT3KJ1QK,JT3K,J1QK,13TJJQKK
1.21013E+13,QTQ7K8KK,QTQ7,K8KK,78TQQKKK
1.21013E+13,QTQ7TQ8J,QTQ7,TQ8J,78TTJQQQ
1.21013E+13,QTQ7J6JK,QTQ7,J6JK,67TJJQQK
1.21013E+13,QTQ72TKK,QTQ7,2TKK,27TTQQKK
1.21013E+13,QTQ74TTJ,QTQ7,4TTJ,47TTTJQQ
1.21013E+13,QTQ71KJK,QTQ7,1KJK,17TJQQKK
1.21013E+13,QTQ76TJJ,QTQ7,6TJJ,67TTJJQQ
1.21013E+13,QTQ7Q2JK,QTQ7,Q2JK,27TJQQQK
1.21013E+13,QTQ7TQK3,QTQ7,TQK3,37TTQQQK
1.21013E+13,QTQ7KQ2J,QTQ7,KQ2J,27TJQQQK
1.21013E+13,QTQ7J3JK,QTQ7,J3JK,37TJJQQK
1.21013E+13,QTQ7KQK9,QTQ7,KQK9,79TQQQKK
1.21013E+13,QTQ72QTJ,QTQ7,2QTJ,27TTJQQQ
1.21013E+13,QTQ75QJK,QTQ7,5QJK,57TJQQQK
1.35111E+13,K5JJ8QTK,K5JJ,8QTK,58TJJQKK
1.35111E+13,K5JJ4TKK,K5JJ,4TKK,45TJJKKK
1.35111E+13,K5JJ2TQK,K5JJ,2TQK,25TJJQKK
1.35111E+13,K5JJKJT9,K5JJ,KJT9,59TJJJKK
1.35111E+13,K5JJQTQ3,K5JJ,QTQ3,35TJJQQK
1.35111E+13,K5JJ2TJJ,K5JJ,2TJJ,25TJJJJK
1.35111E+13,K5JJQ8QJ,K5JJ,Q8QJ,58JJJQQK
1.35111E+13,K5JJJQ4K,K5JJ,JQ4K,45JJJQKK
1.35111E+13,K5JJQT4J,K5JJ,QT4J,45TJJJQK
1.12101E+13,1QTJJTQ7,1QTJ,JTQ7,17TTJJQQ
1.12101E+13,1QTJTQ2K,1QTJ,TQ2K,12TTJQQK
1.12101E+13,1QTJT6KJ,1QTJ,T6KJ,16TTJJQK
1.12101E+13,1QTJTQ4J,1QTJ,TQ4J,14TTJJQQ
1.12101E+13,1QTJ6TKJ,1QTJ,6TKJ,16TTJJQK
1.12101E+13,1QTJQJ3J,1QTJ,QJ3J,13TJJJQQ
1.12101E+13,1QTJK8QK,1QTJ,K8QK,18TJQQKK
1.12101E+13,1QTJJQ4K,1QTJ,JQ4K,14TJJQQK
1.12101E+13,1QTJK4KK,1QTJ,K4KK,14TJQKKK
1.12101E+13,1QTJ5QQJ,1QTJ,5QQJ,15TJJQQQ
1.12101E+13,1QTJQ1KJ,1QTJ,Q1KJ,11TJJQQK
1.12101E+13,1QTJK9JK,1QTJ,K9JK,19TJJQKK
1.12101E+13,1QTJQT4J,1QTJ,QT4J,14TTJJQQ
1.12101E+13,1QTJQ9JJ,1QTJ,Q9JJ,19TJJJQQ
1.12101E+13,1QTJKQ5K,1QTJ,KQ5K,15TJQQKK
