TTTTTJ,5100,4.0,"61, 67, 84, 96"
TTTTTK,5001,6.0,"13, 28, 65, 73, 77, 86"
TTTTJJ,4200,5.0,"12, 33, 66, 72, 78"
TTTTJK,4101,10.0,"12, 15, 22, 34, 48, 49, 52, 67, 94, 96"
TTTTQJ,4110,8.0,"28, 41, 62, 71, 74, 77, 89, 92"
TTTTQK,4011,5.0,"24, 54, 65, 66, 95"
TTTTKJ,4101,6.0,"15, 45, 51, 55, 66, 73"
TTTTKK,4002,10.0,"13, 25, 28, 29, 31, 34, 59, 86, 97, 98"
TTTJTJ,4200,4.0,"14, 32, 54, 96"
TTTJTK,4101,8.0,"16, 27, 31, 34, 36, 48, 67, 75"
TTTJJJ,3300,7.0,"16, 34, 38, 41, 73, 76, 94"
TTTJJK,3201,7.0,"27, 32, 48, 57, 69, 84, 86"
TTTJQJ,3210,8.0,"31, 36, 49, 55, 63, 67, 72, 78"
TTTJQK,3111,5.0,"16, 43, 62, 64, 91"
TTTJKJ,3201,5.0,"35, 51, 57, 71, 93"
TTTJKK,3102,5.0,"13, 24, 31, 66, 81"
TTTQTJ,4110,9.0,"17, 28, 41, 44, 49, 59, 65, 76, 77"
TTTQTK,4011,5.0,"21, 63, 68, 74, 75"
TTTQJJ,3210,5.0,"12, 25, 28, 51, 76"
TTTQJK,3111,7.0,"28, 46, 53, 61, 65, 79, 82"
TTTQQJ,3120,4.0,"18, 62, 65, 87"
TTTQQK,3021,7.0,"19, 28, 52, 58, 61, 67, 78"
TTTQKJ,3111,7.0,"17, 25, 38, 71, 73, 89, 95"
TTTQKK,3012,7.0,"14, 17, 33, 45, 57, 87, 96"
TTTKTJ,4101,7.0,"37, 39, 54, 69, 72, 88, 93"
TTTKTK,4002,7.0,"19, 23, 29, 35, 73, 85, 94"
TTTKJJ,3201,7.0,"18, 26, 44, 63, 66, 75, 77"
TTTKJK,3102,9.0,"12, 22, 36, 49, 51, 61, 63, 72, 85"
TTTKQJ,3111,6.0,"13, 16, 35, 47, 71, 97"
TTTKQK,3012,11.0,"11, 15, 21, 24, 29, 32, 41, 57, 59, 92, 98"
TTTKKJ,3102,5.0,"27, 36, 63, 84, 85"
TTTKKK,3003,6.0,"44, 53, 62, 79, 83, 95"
TTJTTJ,4200,5.0,"44, 56, 78, 93, 99"
TTJTTK,4101,6.0,"49, 51, 55, 82, 84, 93"
TTJTJJ,3300,4.0,"23, 56, 71, 74"
TTJTJK,3201,6.0,"14, 27, 38, 66, 72, 77"
TTJTQJ,3210,6.0,"12, 54, 67, 88, 91, 96"
TTJTQK,3111,7.0,"14, 28, 32, 35, 58, 67, 74"
TTJTKJ,3201,3.0,"24, 26, 98"
TTJTKK,3102,8.0,"15, 22, 33, 42, 49, 64, 72, 91"
TTJJTJ,3300,7.0,"32, 37, 41, 49, 61, 82, 83"
TTJJTK,3201,6.0,"15, 17, 21, 35, 68, 93"
TTJJJJ,2400,7.0,"18, 31, 42, 67, 81, 84, 91"
TTJJJK,2301,6.0,"13, 26, 41, 58, 83, 98"
TTJJQJ,2310,1.0,24
TTJJQK,2211,6.0,"12, 25, 28, 64, 73, 88"
TTJJKJ,2301,9.0,"13, 19, 25, 31, 62, 68, 74, 83, 92"
TTJJKK,2202,8.0,"15, 26, 36, 45, 51, 65, 74, 99"
TTJQTJ,3210,5.0,"16, 34, 45, 58, 73"
TTJQTK,3111,7.0,"17, 25, 32, 74, 82, 91, 98"
TTJQJJ,2310,5.0,"21, 32, 66, 71, 92"
TTJQJK,2211,6.0,"16, 19, 27, 48, 94, 97"
TTJQQJ,2220,8.0,"23, 34, 46, 61, 68, 79, 89, 95"
TTJQQK,2121,5.0,"32, 48, 84, 93, 95"
TTJQKJ,2211,4.0,"51, 72, 93, 99"
TTJQKK,2112,4.0,"35, 47, 71, 95"
TTJKTJ,3201,4.0,"26, 47, 59, 66"
TTJKTK,3102,7.0,"24, 27, 28, 31, 36, 66, 69"
TTJKJJ,2301,4.0,"13, 34, 43, 98"
TTJKJK,2202,7.0,"12, 35, 44, 48, 81, 92, 99"
TTJKQJ,2211,4.0,"28, 48, 82, 91"
TTJKQK,2112,7.0,"11, 26, 53, 55, 56, 61, 77"
TTJKKJ,2202,5.0,"35, 54, 69, 77, 98"
TTJKKK,2103,5.0,"61, 63, 79, 91, 94"
TTQTTJ,4110,4.0,"35, 52, 55, 89"
TTQTTK,4011,9.0,"11, 14, 17, 38, 48, 57, 63, 84, 95"
TTQTJJ,3210,6.0,"15, 25, 28, 54, 64, 76"
TTQTJK,3111,8.0,"17, 26, 32, 41, 52, 59, 79, 83"
TTQTQJ,3120,7.0,"17, 41, 53, 59, 72, 74, 86"
TTQTQK,3021,7.0,"27, 37, 49, 57, 63, 66, 69"
TTQTKJ,3111,9.0,"13, 14, 32, 38, 52, 56, 58, 79, 86"
TTQTKK,3012,5.0,"21, 56, 69, 78, 92"
TTQJTJ,3210,8.0,"18, 36, 43, 45, 64, 69, 81, 93"
TTQJTK,3111,6.0,"13, 14, 25, 32, 62, 85"
TTQJJJ,2310,8.0,"27, 29, 32, 41, 74, 77, 87, 95"
TTQJJK,2211,9.0,"12, 18, 37, 49, 63, 72, 78, 82, 99"
TTQJQJ,2220,4.0,"23, 43, 76, 86"
TTQJQK,2121,9.0,"24, 27, 33, 48, 56, 66, 84, 89, 96"
TTQJKJ,2211,4.0,"31, 49, 55, 96"
TTQJKK,2112,8.0,"29, 38, 44, 68, 71, 79, 91, 98"
TTQQTJ,3120,3.0,"54, 63, 99"
TTQQTK,3021,5.0,"18, 39, 45, 75, 88"
TTQQJJ,2220,5.0,"17, 23, 32, 58, 97"
TTQQJK,2121,4.0,"12, 15, 29, 81"
TTQQQJ,2130,5.0,"18, 49, 61, 84, 88"
TTQQQK,2031,4.0,"35, 44, 47, 79"
TTQQKJ,2121,7.0,"17, 21, 48, 54, 69, 72, 92"
TTQQKK,2022,7.0,"13, 25, 39, 49, 52, 63, 78"
TTQKTJ,3111,4.0,"47, 67, 71, 91"
TTQKTK,3012,8.0,"14, 24, 47, 48, 54, 71, 78, 89"
TTQKJJ,2211,6.0,"16, 48, 49, 63, 66, 99"
TTQKJK,2112,8.0,"17, 22, 25, 35, 46, 71, 82, 89"
TTQKQJ,2121,8.0,"14, 38, 54, 56, 66, 83, 92, 99"
TTQKQK,2022,8.0,"15, 19, 39, 43, 45, 52, 82, 97"
TTQKKJ,2112,3.0,"22, 31, 47"
TTQKKK,2013,7.0,"36, 38, 42, 57, 77, 78, 87"
TTKTTJ,4101,7.0,"18, 37, 43, 55, 58, 64, 67"
TTKTTK,4002,7.0,"17, 32, 34, 53, 73, 76, 79"
TTKTJJ,3201,7.0,"48, 54, 59, 62, 72, 84, 93"
TTKTJK,3102,8.0,"19, 22, 39, 45, 57, 58, 61, 94"
TTKTQJ,3111,3.0,"25, 26, 94"
TTKTQK,3012,7.0,"29, 45, 62, 63, 72, 78, 92"
TTKTKJ,3102,7.0,"12, 27, 48, 57, 61, 63, 96"
TTKTKK,3003,5.0,"28, 62, 73, 89, 94"
TTKJTJ,3201,8.0,"14, 35, 44, 47, 59, 63, 81, 86"
TTKJTK,3102,6.0,"12, 15, 16, 36, 78, 91"
TTKJJJ,2301,5.0,"17, 29, 35, 79, 89"
TTKJJK,2202,4.0,"26, 74, 77, 89"
TTKJQJ,2211,4.0,"12, 55, 78, 94"
TTKJQK,2112,7.0,"31, 44, 46, 67, 86, 89, 92"
TTKJKJ,2202,10.0,"11, 17, 24, 27, 48, 71, 72, 81, 92, 95"
TTKJKK,2103,6.0,"15, 39, 45, 46, 85, 97"
TTKQTJ,3111,5.0,"35, 41, 49, 59, 62"
TTKQTK,3012,3.0,"32, 39, 81"
TTKQJJ,2211,4.0,"16, 82, 88, 97"
TTKQJK,2112,6.0,"28, 37, 49, 58, 62, 97"
TTKQQJ,2121,5.0,"14, 56, 78, 95, 99"
TTKQQK,2022,7.0,"42, 49, 54, 57, 64, 76, 96"
TTKQKJ,2112,11.0,"11, 16, 22, 26, 47, 56, 58, 64, 71, 79, 88"
TTKQKK,2013,4.0,"27, 33, 75, 87"
TTKKTJ,3102,8.0,"25, 37, 45, 48, 57, 63, 67, 73"
TTKKTK,3003,8.0,"22, 23, 28, 49, 65, 71, 79, 83"
TTKKJJ,2202,7.0,"23, 26, 33, 48, 57, 71, 96"
TTKKJK,2103,9.0,"13, 21, 24, 55, 63, 72, 81, 87, 91"
TTKKQJ,2112,7.0,"31, 49, 58, 59, 61, 79, 97"
TTKKQK,2013,6.0,"11, 14, 51, 63, 75, 89"
TTKKKJ,2103,13.0,"15, 16, 22, 31, 33, 45, 52, 61, 72, 82, 88, 96, 99"
TTKKKK,2004,8.0,"17, 28, 37, 43, 56, 59, 73, 79"
TJTTTJ,4200,5.0,"51, 66, 71, 86, 96"
TJTTTK,4101,4.0,"21, 64, 78, 81"
TJTTJJ,3300,3.0,"29, 34, 97"
TJTTJK,3201,4.0,"48, 59, 74, 99"
TJTTQJ,3210,9.0,"19, 27, 52, 55, 72, 73, 81, 87, 96"
TJTTQK,3111,6.0,"25, 29, 41, 64, 95, 98"
TJTTKJ,3201,7.0,"18, 21, 69, 74, 81, 84, 87"
TJTTKK,3102,3.0,"15, 33, 37"
TJTJTJ,3300,5.0,"31, 38, 79, 86, 95"
TJTJTK,3201,7.0,"27, 32, 44, 53, 66, 69, 99"
TJTJJJ,2400,6.0,"25, 31, 49, 66, 76, 78"
TJTJJK,2301,10.0,"13, 16, 32, 62, 65, 68, 79, 85, 86, 95"
TJTJQJ,2310,4.0,"36, 68, 71, 72"
TJTJQK,2211,7.0,"39, 42, 46, 61, 63, 79, 81"
TJTJKJ,2301,9.0,"23, 26, 31, 34, 35, 47, 59, 76, 94"
TJTJKK,2202,6.0,"14, 18, 29, 33, 77, 84"
TJTQTJ,3210,6.0,"19, 67, 72, 76, 84, 85"
TJTQTK,3111,10.0,"19, 23, 38, 46, 56, 65, 67, 68, 79, 82"
TJTQJJ,2310,2.0,"87, 93"
TJTQJK,2211,6.0,"31, 33, 45, 57, 67, 85"
TJTQQJ,2220,9.0,"14, 26, 35, 43, 64, 67, 82, 85, 92"
TJTQQK,2121,7.0,"14, 15, 23, 35, 78, 83, 87"
TJTQKJ,2211,8.0,"13, 19, 34, 63, 64, 79, 96, 99"
TJTQKK,2112,3.0,"17, 62, 88"
TJTKTJ,3201,5.0,"21, 35, 57, 75, 93"
TJTKTK,3102,5.0,"28, 34, 55, 69, 84"
TJTKJJ,2301,7.0,"26, 41, 56, 59, 61, 83, 94"
TJTKJK,2202,3.0,"11, 68, 71"
TJTKQJ,2211,6.0,"27, 49, 52, 55, 69, 78"
TJTKQK,2112,10.0,"16, 25, 44, 59, 62, 68, 71, 73, 83, 97"
TJTKKJ,2202,5.0,"12, 26, 59, 78, 81"
TJTKKK,2103,8.0,"16, 28, 39, 46, 67, 76, 79, 91"
TJJTTJ,3300,4.0,"16, 32, 49, 98"
TJJTTK,3201,3.0,"17, 21, 33"
TJJTJJ,2400,4.0,"54, 75, 76, 91"
TJJTJK,2301,7.0,"35, 37, 38, 64, 68, 79, 86"
TJJTQJ,2310,6.0,"24, 26, 29, 39, 57, 81"
TJJTQK,2211,11.0,"12, 15, 16, 24, 27, 31, 52, 69, 85, 91, 94"
TJJTKJ,2301,6.0,"13, 17, 34, 43, 64, 68"
TJJTKK,2202,7.0,"11, 18, 27, 41, 56, 57, 59"
TJJJTJ,2400,7.0,"22, 37, 42, 54, 84, 85, 88"
TJJJTK,2301,6.0,"16, 26, 31, 38, 41, 92"
TJJJJJ,1500,8.0,"17, 24, 33, 51, 57, 71, 92, 96"
TJJJJK,1401,5.0,"24, 49, 61, 84, 99"
TJJJQJ,1410,6.0,"38, 47, 61, 67, 74, 97"
TJJJQK,1311,11.0,"23, 24, 26, 29, 36, 47, 54, 66, 69, 71, 74"
TJJJKJ,1401,12.0,"15, 18, 22, 27, 31, 36, 55, 61, 72, 73, 82, 88"
TJJJKK,1302,5.0,"25, 32, 55, 91, 95"
TJJQTJ,2310,7.0,"15, 33, 38, 39, 62, 66, 81"
TJJQTK,2211,2.0,"15, 51"
TJJQJJ,1410,7.0,"25, 29, 64, 73, 86, 94, 97"
TJJQJK,1311,6.0,"14, 27, 57, 65, 74, 81"
TJJQQJ,1320,8.0,"22, 25, 31, 36, 49, 51, 78, 84"
TJJQQK,1221,9.0,"13, 22, 29, 34, 56, 61, 62, 71, 97"
TJJQKJ,1311,5.0,"23, 33, 83, 84, 92"
TJJQKK,1212,8.0,"12, 13, 21, 28, 48, 67, 72, 79"
TJJKTJ,2301,6.0,"14, 17, 31, 34, 67, 98"
TJJKTK,2202,8.0,"36, 44, 48, 54, 63, 65, 72, 98"
TJJKJJ,1401,7.0,"15, 37, 39, 55, 57, 96, 97"
TJJKJK,1302,6.0,"37, 49, 55, 61, 67, 83"
TJJKQJ,1311,8.0,"23, 32, 35, 54, 65, 77, 84, 96"
TJJKQK,1212,2.0,"24, 94"
TJJKKJ,1302,5.0,"17, 26, 47, 67, 95"
TJJKKK,1203,2.0,"66, 86"
TJQTTJ,3210,5.0,"28, 36, 52, 76, 84"
TJQTTK,3111,6.0,"23, 26, 31, 53, 62, 73"
TJQTJJ,2310,5.0,"39, 41, 59, 66, 92"
TJQTJK,2211,8.0,"34, 39, 45, 48, 49, 72, 84, 99"
TJQTQJ,2220,6.0,"41, 52, 62, 73, 76, 91"
TJQTQK,2121,7.0,"12, 14, 18, 57, 63, 68, 84"
TJQTKJ,2211,7.0,"15, 19, 22, 33, 75, 84, 97"
TJQTKK,2112,11.0,"23, 35, 46, 47, 55, 56, 65, 77, 83, 94, 95"
TJQJTJ,2310,6.0,"39, 62, 65, 69, 86, 87"
TJQJTK,2211,6.0,"36, 42, 55, 69, 88, 97"
TJQJJJ,1410,4.0,"76, 82, 86, 92"
TJQJJK,1311,4.0,"32, 54, 66, 77"
TJQJQJ,1320,6.0,"24, 28, 31, 34, 42, 51"
TJQJQK,1221,6.0,"22, 28, 37, 59, 65, 91"
TJQJKJ,1311,9.0,"14, 32, 33, 65, 66, 71, 72, 93, 98"
TJQJKK,1212,5.0,"22, 31, 36, 82, 87"
TJQQTJ,2220,7.0,"31, 38, 52, 59, 76, 79, 95"
TJQQTK,2121,6.0,"15, 24, 33, 35, 72, 98"
TJQQJJ,1320,6.0,"46, 66, 67, 79, 85, 94"
TJQQJK,1221,10.0,"14, 17, 26, 28, 43, 58, 59, 61, 65, 86"
TJQQQJ,1230,7.0,"26, 36, 41, 54, 63, 66, 98"
TJQQQK,1131,6.0,"21, 25, 31, 57, 67, 94"
TJQQKJ,1221,4.0,"28, 31, 53, 71"
TJQQKK,1122,7.0,"23, 33, 36, 54, 62, 92, 95"
TJQKTJ,2211,6.0,"34, 48, 69, 82, 94, 99"
TJQKTK,2112,4.0,"47, 59, 71, 92"
TJQKJJ,1311,7.0,"11, 27, 29, 32, 57, 68, 81"
TJQKJK,1212,10.0,"12, 31, 36, 55, 76, 78, 82, 93, 94, 99"
TJQKQJ,1221,9.0,"16, 23, 29, 59, 64, 67, 68, 82, 83"
TJQKQK,1122,6.0,"32, 42, 44, 56, 71, 74"
TJQKKJ,1212,5.0,"36, 55, 63, 88, 97"
TJQKKK,1113,7.0,"14, 34, 35, 37, 85, 92, 98"
TJKTTJ,3201,4.0,"33, 38, 74, 93"
TJKTTK,3102,6.0,"22, 33, 64, 67, 85, 99"
TJKTJJ,2301,4.0,"19, 31, 67, 68"
TJKTJK,2202,7.0,"12, 51, 77, 83, 87, 96, 99"
TJKTQJ,2211,9.0,"13, 28, 37, 42, 48, 72, 75, 91, 96"
TJKTQK,2112,8.0,"22, 31, 34, 53, 56, 59, 82, 91"
TJKTKJ,2202,9.0,"24, 32, 33, 35, 45, 62, 81, 83, 99"
TJKTKK,2103,5.0,"15, 27, 31, 67, 99"
TJKJTJ,2301,8.0,"29, 41, 47, 83, 86, 89, 97, 98"
TJKJTK,2202,10.0,"12, 29, 33, 38, 48, 57, 74, 77, 83, 92"
TJKJJJ,1401,8.0,"13, 15, 25, 33, 34, 42, 48, 49"
TJKJJK,1302,9.0,"11, 13, 29, 37, 46, 47, 55, 58, 89"
TJKJQJ,1311,8.0,"15, 38, 39, 54, 59, 72, 87, 92"
TJKJQK,1212,6.0,"15, 24, 46, 57, 66, 79"
TJKJKJ,1302,10.0,"14, 46, 49, 58, 64, 71, 73, 76, 95, 98"
TJKJKK,1203,5.0,"26, 56, 63, 74, 93"
TJKQTJ,2211,7.0,"22, 34, 45, 64, 79, 94, 97"
TJKQTK,2112,4.0,"11, 58, 71, 88"
TJKQJJ,1311,8.0,"36, 38, 39, 66, 74, 77, 78, 84"
TJKQJK,1212,4.0,"16, 49, 75, 81"
TJKQQJ,1221,7.0,"11, 13, 16, 22, 49, 89, 92"
TJKQQK,1122,4.0,"14, 51, 54, 63"
TJKQKJ,1212,5.0,"21, 37, 52, 54, 87"
TJKQKK,1113,8.0,"35, 37, 52, 59, 85, 91, 94, 98"
TJKKTJ,2202,6.0,"27, 32, 33, 36, 74, 92"
TJKKTK,2103,5.0,"21, 31, 33, 76, 82"
TJKKJJ,1302,9.0,"14, 16, 44, 59, 61, 82, 83, 88, 91"
TJKKJK,1203,6.0,"14, 15, 18, 47, 51, 54"
TJKKQJ,1212,9.0,"24, 28, 31, 39, 42, 46, 75, 82, 99"
TJKKQK,1113,7.0,"13, 19, 55, 59, 68, 79, 85"
TJKKKJ,1203,5.0,"35, 36, 63, 66, 75"
TJKKKK,1104,8.0,"12, 31, 33, 34, 61, 85, 96, 99"
TQTTTJ,4110,10.0,"13, 22, 29, 32, 35, 53, 68, 76, 82, 92"
TQTTTK,4011,8.0,"24, 29, 41, 47, 65, 68, 69, 86"
TQTTJJ,3210,5.0,"16, 33, 54, 66, 97"
TQTTJK,3111,6.0,"25, 29, 34, 46, 49, 92"
TQTTQJ,3120,5.0,"35, 74, 77, 98, 99"
TQTTQK,3021,6.0,"37, 48, 55, 58, 79, 99"
TQTTKJ,3111,5.0,"34, 41, 53, 67, 89"
TQTTKK,3012,8.0,"11, 24, 32, 33, 45, 48, 65, 77"
TQTJTJ,3210,6.0,"21, 22, 42, 81, 84, 91"
TQTJTK,3111,9.0,"14, 16, 32, 47, 53, 68, 79, 85, 86"
TQTJJJ,2310,6.0,"36, 53, 57, 68, 81, 95"
TQTJJK,2211,8.0,"16, 24, 25, 27, 34, 51, 73, 93"
TQTJQJ,2220,4.0,"17, 41, 56, 82"
TQTJQK,2121,11.0,"11, 24, 33, 38, 66, 77, 81, 87, 92, 95, 96"
TQTJKJ,2211,6.0,"15, 37, 61, 64, 66, 72"
TQTJKK,2112,2.0,"58, 94"
TQTQTJ,3120,8.0,"32, 48, 51, 63, 74, 77, 84, 95"
TQTQTK,3021,6.0,"15, 16, 45, 58, 78, 81"
TQTQJJ,2220,3.0,"37, 58, 65"
TQTQJK,2121,10.0,"12, 26, 33, 41, 48, 51, 56, 78, 92, 99"
TQTQQJ,2130,4.0,"27, 69, 84, 99"
TQTQQK,2031,6.0,"29, 43, 64, 68, 71, 92"
TQTQKJ,2121,12.0,"14, 24, 33, 35, 38, 57, 59, 62, 63, 83, 95, 96"
TQTQKK,2022,6.0,"19, 27, 45, 48, 64, 87"
TQTKTJ,3111,7.0,"17, 35, 41, 56, 59, 94, 97"
TQTKTK,3012,4.0,"17, 38, 45, 92"
TQTKJJ,2211,6.0,"19, 31, 45, 64, 82, 97"
TQTKJK,2112,5.0,"67, 71, 73, 89, 95"
TQTKQJ,2121,4.0,"51, 66, 72, 95"
TQTKQK,2022,9.0,"27, 31, 34, 37, 42, 79, 81, 87, 97"
TQTKKJ,2112,8.0,"46, 64, 67, 71, 76, 79, 83, 95"
TQTKKK,2013,12.0,"14, 18, 33, 35, 44, 62, 65, 68, 74, 89, 92, 93"
TQJTTJ,3210,5.0,"61, 63, 73, 75, 96"
TQJTTK,3111,4.0,"25, 71, 91, 94"
TQJTJJ,2310,7.0,"11, 24, 35, 44, 47, 65, 87"
TQJTJK,2211,7.0,"24, 27, 48, 51, 55, 79, 82"
TQJTQJ,2220,10.0,"19, 26, 29, 47, 64, 71, 73, 82, 83, 85"
TQJTQK,2121,3.0,"21, 26, 32"
TQJTKJ,2211,7.0,"12, 24, 27, 39, 46, 82, 88"
TQJTKK,2112,2.0,"37, 61"
TQJJTJ,2310,6.0,"14, 48, 51, 54, 72, 83"
TQJJTK,2211,9.0,"12, 25, 28, 49, 55, 69, 73, 75, 81"
TQJJJJ,1410,7.0,"14, 19, 38, 43, 49, 74, 91"
TQJJJK,1311,6.0,"26, 32, 51, 59, 66, 72"
TQJJQJ,1320,5.0,"12, 19, 78, 96, 97"
TQJJQK,1221,6.0,"23, 25, 49, 65, 88, 95"
TQJJKJ,1311,4.0,"18, 23, 59, 81"
TQJJKK,1212,6.0,"16, 34, 36, 49, 63, 88"
TQJQTJ,2220,9.0,"16, 17, 19, 25, 31, 43, 47, 67, 76"
TQJQTK,2121,8.0,"17, 32, 38, 39, 45, 78, 98, 99"
TQJQJJ,1320,4.0,"34, 46, 64, 97"
TQJQJK,1221,6.0,"29, 76, 77, 91, 92, 95"
TQJQQJ,1230,5.0,"23, 41, 51, 71, 81"
TQJQQK,1131,1.0,31
TQJQKJ,1221,7.0,"17, 23, 28, 59, 68, 83, 98"
TQJQKK,1122,8.0,"21, 29, 35, 47, 54, 66, 86, 99"
TQJKTJ,2211,6.0,"18, 22, 28, 37, 57, 61"
TQJKTK,2112,4.0,"13, 68, 79, 95"
TQJKJJ,1311,7.0,"23, 44, 47, 62, 68, 72, 96"
TQJKJK,1212,7.0,"22, 39, 43, 66, 78, 79, 81"
TQJKQJ,1221,8.0,"16, 26, 61, 64, 65, 73, 77, 94"
TQJKQK,1122,7.0,"21, 24, 35, 56, 65, 75, 99"
TQJKKJ,1212,7.0,"15, 16, 45, 55, 58, 94, 96"
TQJKKK,1113,8.0,"13, 14, 19, 56, 68, 77, 83, 92"
TQQTTJ,3120,7.0,"11, 26, 36, 38, 62, 66, 69"
TQQTTK,3021,10.0,"28, 31, 34, 45, 49, 51, 57, 63, 88, 93"
TQQTJJ,2220,5.0,"14, 17, 29, 62, 86"
TQQTJK,2121,5.0,"23, 29, 54, 57, 69"
TQQTQJ,2130,3.0,"33, 36, 51"
TQQTQK,2031,6.0,"16, 23, 38, 53, 67, 88"
TQQTKJ,2121,6.0,"32, 33, 35, 72, 81, 93"
TQQTKK,2022,8.0,"12, 22, 37, 43, 45, 49, 82, 88"
TQQJTJ,2220,5.0,"13, 26, 62, 71, 91"
TQQJTK,2121,7.0,"23, 27, 41, 45, 54, 62, 98"
TQQJJJ,1320,10.0,"12, 24, 27, 42, 51, 52, 63, 73, 81, 88"
TQQJJK,1221,8.0,"14, 22, 23, 32, 64, 65, 79, 88"
TQQJQJ,1230,6.0,"12, 26, 78, 81, 87, 95"
TQQJQK,1131,8.0,"12, 37, 64, 69, 78, 79, 91, 96"
TQQJKJ,1221,7.0,"23, 26, 44, 56, 82, 89, 94"
TQQJKK,1122,9.0,"11, 15, 27, 29, 32, 53, 59, 66, 96"
TQQQTJ,2130,7.0,"18, 46, 57, 75, 78, 84, 91"
TQQQTK,2031,6.0,"13, 38, 58, 59, 79, 89"
TQQQJJ,1230,4.0,"33, 38, 59, 92"
TQQQJK,1131,7.0,"24, 33, 46, 64, 69, 75, 76"
TQQQQJ,1140,9.0,"26, 32, 34, 35, 38, 43, 73, 88, 94"
TQQQQK,1041,6.0,"32, 33, 62, 71, 81, 89"
TQQQKJ,1131,10.0,"22, 25, 43, 54, 55, 58, 64, 75, 78, 87"
TQQQKK,1032,10.0,"14, 31, 43, 56, 64, 65, 73, 77, 79, 97"
TQQKTJ,2121,5.0,"14, 33, 47, 69, 77"
TQQKTK,2022,4.0,"39, 76, 96, 97"
TQQKJJ,1221,6.0,"17, 22, 46, 59, 68, 89"
TQQKJK,1122,7.0,"45, 48, 71, 74, 81, 84, 98"
TQQKQJ,1131,6.0,"15, 36, 37, 72, 81, 87"
TQQKQK,1032,7.0,"22, 23, 43, 58, 61, 79, 85"
TQQKKJ,1122,4.0,"32, 62, 65, 78"
TQQKKK,1023,10.0,"25, 28, 31, 46, 49, 66, 69, 82, 91, 93"
TQKTTJ,3111,7.0,"16, 19, 32, 38, 85, 86, 91"
TQKTTK,3012,6.0,"21, 35, 47, 56, 62, 78"
TQKTJJ,2211,4.0,"28, 48, 55, 75"
TQKTJK,2112,3.0,"46, 88, 94"
TQKTQJ,2121,9.0,"11, 14, 29, 54, 63, 68, 74, 84, 92"
TQKTQK,2022,8.0,"12, 33, 52, 72, 78, 82, 94, 99"
TQKTKJ,2112,5.0,"13, 53, 76, 89, 95"
TQKTKK,2013,7.0,"18, 32, 45, 57, 62, 69, 81"
TQKJTJ,2211,6.0,"12, 13, 36, 61, 69, 88"
TQKJTK,2112,6.0,"34, 37, 55, 73, 86, 89"
TQKJJJ,1311,5.0,"32, 36, 51, 59, 92"
TQKJJK,1212,7.0,"15, 28, 48, 58, 66, 72, 78"
TQKJQJ,1221,7.0,"46, 53, 55, 58, 64, 86, 98"
TQKJQK,1122,12.0,"11, 26, 32, 47, 54, 57, 62, 68, 71, 77, 81, 89"
TQKJKJ,1212,6.0,"48, 57, 75, 79, 88, 97"
TQKJKK,1113,8.0,"17, 28, 41, 58, 77, 79, 95, 98"
TQKQTJ,2121,8.0,"17, 21, 32, 44, 65, 77, 83, 93"
TQKQTK,2022,9.0,"19, 43, 46, 55, 57, 75, 85, 93, 99"
TQKQJJ,1221,9.0,"16, 22, 35, 64, 65, 71, 77, 88, 98"
TQKQJK,1122,6.0,"12, 21, 32, 42, 66, 77"
TQKQQJ,1131,7.0,"21, 25, 31, 52, 75, 76, 79"
TQKQQK,1032,8.0,"26, 28, 44, 47, 59, 64, 68, 86"
TQKQKJ,1122,7.0,"21, 33, 35, 42, 47, 56, 84"
TQKQKK,1023,8.0,"24, 27, 31, 33, 36, 55, 69, 93"
TQKKTJ,2112,8.0,"14, 17, 26, 82, 83, 89, 94, 97"
TQKKTK,2013,8.0,"12, 18, 44, 53, 54, 56, 57, 66"
TQKKJJ,1212,6.0,"19, 39, 49, 54, 75, 96"
TQKKJK,1113,7.0,"14, 43, 55, 56, 64, 68, 89"
TQKKQJ,1122,6.0,"21, 63, 77, 78, 86, 93"
TQKKQK,1023,7.0,"18, 24, 34, 42, 54, 57, 91"
TQKKKJ,1113,4.0,"26, 56, 64, 67"
TQKKKK,1014,7.0,"11, 26, 27, 45, 71, 74, 81"
TKTTTJ,4101,8.0,"12, 18, 27, 34, 45, 51, 72, 78"
TKTTTK,4002,7.0,"25, 28, 29, 38, 52, 64, 79"
TKTTJJ,3201,9.0,"11, 32, 35, 48, 62, 65, 66, 71, 99"
TKTTJK,3102,7.0,"27, 34, 36, 37, 58, 88, 93"
TKTTQJ,3111,5.0,"16, 25, 43, 67, 98"
TKTTQK,3012,4.0,"14, 35, 41, 44"
TKTTKJ,3102,9.0,"12, 16, 19, 31, 63, 82, 91, 93, 94"
TKTTKK,3003,6.0,"16, 28, 37, 92, 94, 95"
TKTJTJ,3201,5.0,"32, 68, 77, 95, 98"
TKTJTK,3102,7.0,"13, 24, 27, 52, 61, 63, 82"
TKTJJJ,2301,7.0,"13, 14, 28, 34, 37, 49, 59"
TKTJJK,2202,6.0,"24, 38, 45, 57, 63, 87"
TKTJQJ,2211,8.0,"22, 33, 57, 58, 64, 67, 79, 96"
TKTJQK,2112,8.0,"13, 17, 28, 35, 56, 62, 73, 97"
TKTJKJ,2202,9.0,"12, 14, 21, 27, 47, 54, 62, 87, 93"
TKTJKK,2103,3.0,"12, 87, 99"
TKTQTJ,3111,6.0,"14, 26, 32, 38, 67, 91"
TKTQTK,3012,4.0,"15, 38, 72, 83"
TKTQJJ,2211,9.0,"12, 27, 33, 49, 55, 58, 72, 82, 94"
TKTQJK,2112,10.0,"13, 22, 28, 29, 35, 49, 71, 76, 89, 91"
TKTQQJ,2121,5.0,"11, 18, 54, 57, 99"
TKTQQK,2022,7.0,"34, 43, 45, 57, 72, 75, 96"
TKTQKJ,2112,7.0,"22, 38, 62, 73, 86, 89, 94"
TKTQKK,2013,7.0,"21, 32, 48, 53, 59, 63, 71"
TKTKTJ,3102,6.0,"12, 13, 42, 61, 75, 97"
TKTKTK,3003,11.0,"11, 16, 17, 22, 53, 59, 62, 68, 71, 76, 83"
TKTKJJ,2202,5.0,"23, 48, 57, 59, 72"
TKTKJK,2103,10.0,"15, 21, 25, 27, 37, 55, 67, 78, 81, 99"
TKTKQJ,2112,5.0,"22, 44, 58, 59, 83"
TKTKQK,2013,8.0,"14, 18, 27, 63, 69, 74, 78, 84"
TKTKKJ,2103,10.0,"12, 13, 15, 34, 37, 46, 58, 64, 69, 81"
TKTKKK,2004,5.0,"26, 44, 53, 58, 61"
TKJTTJ,3201,3.0,"21, 42, 86"
TKJTTK,3102,9.0,"19, 24, 36, 37, 48, 52, 55, 72, 91"
TKJTJJ,2301,5.0,"28, 29, 59, 61, 64"
TKJTJK,2202,10.0,"21, 26, 45, 48, 56, 71, 83, 89, 95, 96"
TKJTQJ,2211,3.0,"13, 25, 33"
TKJTQK,2112,11.0,"23, 25, 32, 43, 44, 46, 53, 59, 65, 67, 76"
TKJTKJ,2202,5.0,"12, 18, 69, 72, 92"
TKJTKK,2103,4.0,"13, 15, 58, 64"
TKJJTJ,2301,4.0,"49, 53, 68, 74"
TKJJTK,2202,3.0,"47, 48, 92"
TKJJJJ,1401,4.0,"34, 46, 78, 93"
TKJJJK,1302,6.0,"13, 17, 53, 59, 88, 94"
TKJJQJ,1311,7.0,"14, 36, 62, 69, 77, 84, 92"
TKJJQK,1212,5.0,"21, 28, 36, 81, 85"
TKJJKJ,1302,7.0,"14, 25, 26, 44, 53, 67, 83"
TKJJKK,1203,4.0,"42, 54, 77, 84"
TKJQTJ,2211,10.0,"18, 28, 31, 34, 37, 42, 51, 67, 78, 81"
TKJQTK,2112,6.0,"25, 29, 47, 55, 68, 98"
TKJQJJ,1311,1.0,14
TKJQJK,1212,9.0,"12, 25, 28, 31, 48, 52, 69, 79, 81"
TKJQQJ,1221,6.0,"44, 55, 62, 67, 73, 89"
TKJQQK,1122,4.0,"44, 77, 81, 98"
TKJQKJ,1212,6.0,"21, 24, 49, 58, 72, 93"
TKJQKK,1113,8.0,"13, 17, 28, 35, 41, 91, 94, 98"
TKJKTJ,2202,6.0,"23, 24, 45, 47, 74, 81"
TKJKTK,2103,7.0,"31, 39, 45, 54, 61, 75, 96"
TKJKJJ,1302,10.0,"22, 23, 25, 37, 56, 61, 77, 82, 95, 98"
TKJKJK,1203,8.0,"41, 48, 51, 62, 63, 78, 87, 96"
TKJKQJ,1212,6.0,"13, 19, 21, 42, 43, 54"
TKJKQK,1113,10.0,"14, 19, 22, 26, 34, 52, 56, 61, 74, 97"
TKJKKJ,1203,6.0,"32, 36, 56, 66, 81, 99"
TKJKKK,1104,5.0,"13, 19, 27, 31, 99"
TKQTTJ,3111,7.0,"13, 14, 25, 32, 65, 71, 83"
TKQTTK,3012,6.0,"29, 48, 56, 74, 81, 93"
TKQTJJ,2211,4.0,"22, 61, 64, 96"
TKQTJK,2112,8.0,"16, 58, 59, 61, 68, 73, 83, 91"
TKQTQJ,2121,7.0,"14, 18, 24, 35, 74, 77, 81"
TKQTQK,2022,7.0,"16, 31, 33, 52, 75, 88, 94"
TKQTKJ,2112,5.0,"25, 56, 59, 82, 95"
TKQTKK,2013,7.0,"33, 38, 56, 62, 86, 96, 99"
TKQJTJ,2211,6.0,"27, 31, 37, 48, 81, 88"
TKQJTK,2112,7.0,"22, 23, 28, 37, 47, 67, 79"
TKQJJJ,1311,4.0,"14, 17, 24, 93"
TKQJJK,1212,3.0,"36, 52, 96"
TKQJQJ,1221,4.0,"58, 68, 73, 86"
TKQJQK,1122,8.0,"11, 14, 15, 62, 75, 84, 92, 99"
TKQJKJ,1212,6.0,"21, 45, 54, 67, 85, 94"
TKQJKK,1113,7.0,"44, 47, 53, 58, 59, 64, 89"
TKQQTJ,2121,5.0,"23, 51, 59, 69, 89"
TKQQTK,2022,7.0,"15, 19, 28, 46, 76, 96, 99"
TKQQJJ,1221,6.0,"14, 62, 67, 71, 73, 97"
TKQQJK,1122,7.0,"12, 32, 36, 41, 51, 65, 95"
TKQQQJ,1131,4.0,"31, 79, 87, 94"
TKQQQK,1032,13.0,"13, 25, 31, 32, 37, 44, 58, 59, 62, 85, 86, 91, 95"
TKQQKJ,1122,10.0,"32, 36, 42, 44, 57, 62, 65, 69, 84, 87"
TKQQKK,1023,7.0,"25, 27, 54, 58, 69, 75, 99"
TKQKTJ,2112,4.0,"25, 53, 61, 95"
TKQKTK,2013,6.0,"21, 29, 32, 38, 59, 87"
TKQKJJ,1212,6.0,"25, 27, 45, 58, 64, 91"
TKQKJK,1113,6.0,"26, 47, 62, 64, 86, 98"
TKQKQJ,1122,5.0,"11, 14, 26, 27, 71"
TKQKQK,1023,8.0,"25, 28, 46, 49, 63, 69, 79, 88"
TKQKKJ,1113,6.0,"11, 35, 52, 88, 97, 98"
TKQKKK,1014,5.0,"24, 26, 66, 74, 95"
TKKTTJ,3102,6.0,"31, 37, 45, 82, 85, 91"
TKKTTK,3003,6.0,"11, 28, 29, 77, 82, 89"
TKKTJJ,2202,7.0,"14, 21, 35, 59, 63, 81, 83"
TKKTJK,2103,1.0,15
TKKTQJ,2112,6.0,"22, 23, 26, 31, 34, 89"
TKKTQK,2013,4.0,"11, 36, 81, 87"
TKKTKJ,2103,6.0,"13, 15, 24, 45, 63, 69"
TKKTKK,2004,11.0,"14, 19, 22, 29, 34, 37, 41, 64, 79, 85, 89"
TKKJTJ,2202,6.0,"36, 38, 59, 65, 72, 89"
TKKJTK,2103,8.0,"22, 25, 37, 39, 45, 46, 63, 99"
TKKJJJ,1302,4.0,"23, 29, 64, 76"
TKKJJK,1203,6.0,"18, 21, 57, 74, 84, 92"
TKKJQJ,1212,6.0,"28, 42, 61, 79, 88, 93"
TKKJQK,1113,6.0,"23, 28, 31, 46, 83, 91"
TKKJKJ,1203,8.0,"12, 32, 42, 44, 45, 81, 87, 98"
TKKJKK,1104,7.0,"19, 22, 25, 39, 42, 58, 75"
TKKQTJ,2112,6.0,"14, 26, 35, 43, 56, 71"
TKKQTK,2013,2.0,"24, 62"
TKKQJJ,1212,7.0,"39, 46, 54, 63, 72, 75, 76"
TKKQJK,1113,6.0,"47, 68, 74, 85, 89, 91"
TKKQQJ,1122,7.0,"32, 54, 56, 63, 66, 74, 93"
TKKQQK,1023,9.0,"12, 13, 22, 27, 28, 45, 55, 63, 76"
TKKQKJ,1113,7.0,"19, 26, 29, 58, 64, 77, 83"
TKKQKK,1014,4.0,"17, 45, 53, 68"
TKKKTJ,2103,4.0,"33, 67, 81, 96"
TKKKTK,2004,5.0,"31, 52, 79, 91, 97"
TKKKJJ,1203,11.0,"21, 26, 33, 36, 44, 45, 56, 65, 66, 69, 77"
TKKKJK,1104,6.0,"39, 42, 43, 55, 57, 84"
TKKKQJ,1113,8.0,"14, 19, 22, 29, 52, 56, 68, 91"
TKKKQK,1014,3.0,"23, 27, 75"
TKKKKJ,1104,6.0,"12, 16, 55, 58, 73, 79"
TKKKKK,1005,2.0,"43, 83"
JTTTTJ,4200,4.0,"11, 21, 47, 84"
JTTTTK,4101,9.0,"15, 16, 27, 36, 48, 52, 73, 81, 94"
JTTTJJ,3300,7.0,"22, 64, 68, 83, 85, 95, 97"
JTTTJK,3201,4.0,"15, 36, 51, 87"
JTTTQJ,3210,7.0,"15, 27, 31, 37, 67, 84, 87"
JTTTQK,3111,6.0,"64, 65, 79, 86, 97, 98"
JTTTKJ,3201,8.0,"14, 15, 32, 57, 63, 69, 75, 95"
JTTTKK,3102,7.0,"27, 33, 37, 39, 46, 52, 61"
JTTJTJ,3300,8.0,"23, 41, 46, 59, 65, 73, 79, 85"
JTTJTK,3201,4.0,"27, 33, 53, 84"
JTTJJJ,2400,6.0,"12, 28, 34, 37, 63, 97"
JTTJJK,2301,8.0,"14, 17, 23, 26, 28, 46, 53, 58"
JTTJQJ,2310,4.0,"47, 68, 87, 98"
JTTJQK,2211,2.0,"22, 85"
JTTJKJ,2301,7.0,"16, 17, 19, 43, 46, 47, 58"
JTTJKK,2202,4.0,"15, 44, 51, 54"
JTTQTJ,3210,7.0,"28, 61, 73, 76, 84, 96, 97"
JTTQTK,3111,5.0,"19, 25, 29, 49, 85"
JTTQJJ,2310,6.0,"11, 21, 42, 65, 71, 74"
JTTQJK,2211,5.0,"12, 16, 66, 69, 97"
JTTQQJ,2220,6.0,"14, 41, 43, 61, 73, 82"
JTTQQK,2121,9.0,"11, 14, 15, 45, 59, 68, 71, 81, 96"
JTTQKJ,2211,8.0,"25, 34, 42, 48, 66, 78, 94, 99"
JTTQKK,2112,9.0,"11, 17, 55, 58, 67, 68, 73, 92, 94"
JTTKTJ,3201,6.0,"17, 29, 54, 77, 92, 99"
JTTKTK,3102,4.0,"39, 46, 49, 73"
JTTKJJ,2301,6.0,"28, 46, 67, 71, 83, 85"
JTTKJK,2202,6.0,"11, 68, 71, 92, 95, 99"
JTTKQJ,2211,3.0,"24, 57, 78"
JTTKQK,2112,6.0,"11, 13, 35, 37, 56, 86"
JTTKKJ,2202,4.0,"41, 44, 48, 83"
JTTKKK,2103,9.0,"13, 25, 42, 46, 57, 61, 78, 85, 97"
JTJTTJ,3300,6.0,"23, 35, 37, 77, 88, 89"
JTJTTK,3201,5.0,"21, 59, 77, 81, 96"
JTJTJJ,2400,6.0,"19, 37, 39, 78, 91, 99"
JTJTJK,2301,10.0,"13, 14, 28, 35, 37, 56, 79, 82, 89, 92"
JTJTQJ,2310,4.0,"36, 44, 62, 98"
JTJTQK,2211,6.0,"15, 33, 67, 75, 91, 97"
JTJTKJ,2301,4.0,"25, 56, 71, 76"
JTJTKK,2202,4.0,"27, 45, 66, 89"
JTJJTJ,2400,4.0,"27, 33, 58, 76"
JTJJTK,2301,6.0,"32, 47, 62, 73, 74, 91"
JTJJJJ,1500,5.0,"24, 41, 77, 81, 96"
JTJJJK,1401,5.0,"19, 39, 51, 55, 73"
JTJJQJ,1410,5.0,"19, 31, 46, 73, 83"
JTJJQK,1311,2.0,"51, 57"
JTJJKJ,1401,6.0,"27, 45, 64, 72, 91, 93"
JTJJKK,1302,10.0,"11, 25, 26, 49, 53, 56, 58, 62, 82, 88"
JTJQTJ,2310,4.0,"69, 74, 81, 87"
JTJQTK,2211,6.0,"15, 22, 45, 67, 79, 84"
JTJQJJ,1410,7.0,"38, 41, 56, 65, 74, 76, 92"
JTJQJK,1311,6.0,"23, 26, 54, 65, 77, 81"
JTJQQJ,1320,6.0,"18, 19, 33, 37, 91, 97"
JTJQQK,1221,6.0,"11, 28, 56, 77, 82, 94"
JTJQKJ,1311,6.0,"12, 18, 21, 51, 62, 98"
JTJQKK,1212,6.0,"19, 42, 46, 49, 52, 85"
JTJKTJ,2301,7.0,"19, 29, 37, 43, 62, 79, 89"
JTJKTK,2202,10.0,"17, 18, 21, 27, 35, 45, 48, 59, 63, 66"
JTJKJJ,1401,6.0,"19, 34, 45, 61, 91, 97"
JTJKJK,1302,9.0,"17, 28, 35, 38, 44, 67, 68, 77, 82"
JTJKQJ,1311,9.0,"15, 23, 26, 36, 39, 47, 51, 71, 87"
JTJKQK,1212,6.0,"16, 37, 45, 75, 79, 85"
JTJKKJ,1302,6.0,"14, 16, 17, 56, 86, 94"
JTJKKK,1203,8.0,"15, 18, 21, 47, 53, 56, 68, 81"
JTQTTJ,3210,9.0,"22, 43, 48, 58, 64, 67, 73, 78, 87"
JTQTTK,3111,10.0,"13, 14, 16, 28, 32, 41, 43, 46, 74, 79"
JTQTJJ,2310,6.0,"21, 38, 39, 71, 87, 92"
JTQTJK,2211,6.0,"16, 39, 46, 58, 72, 96"
JTQTQJ,2220,11.0,"14, 23, 25, 29, 35, 43, 53, 68, 82, 91, 97"
JTQTQK,2121,2.0,"32, 66"
JTQTKJ,2211,9.0,"13, 16, 33, 34, 55, 63, 69, 73, 93"
JTQTKK,2112,8.0,"35, 44, 46, 47, 53, 59, 65, 67"
JTQJTJ,2310,8.0,"11, 27, 33, 41, 42, 57, 75, 84"
JTQJTK,2211,5.0,"19, 24, 25, 58, 66"
JTQJJJ,1410,5.0,"41, 67, 89, 94, 95"
JTQJJK,1311,5.0,"15, 29, 39, 44, 89"
JTQJQJ,1320,10.0,"18, 24, 28, 37, 46, 52, 57, 63, 79, 96"
JTQJQK,1221,2.0,"37, 79"
JTQJKJ,1311,8.0,"15, 48, 51, 56, 66, 87, 93, 96"
JTQJKK,1212,5.0,"19, 31, 34, 81, 97"
JTQQTJ,2220,5.0,"28, 29, 43, 64, 68"
JTQQTK,2121,8.0,"23, 33, 54, 62, 66, 68, 84, 98"
JTQQJJ,1320,6.0,"22, 28, 36, 61, 84, 99"
JTQQJK,1221,7.0,"17, 35, 64, 67, 77, 82, 89"
JTQQQJ,1230,6.0,"11, 21, 36, 84, 95, 99"
JTQQQK,1131,2.0,"13, 48"
JTQQKJ,1221,6.0,"29, 32, 73, 86, 88, 89"
JTQQKK,1122,6.0,"36, 45, 48, 53, 56, 92"
JTQKTJ,2211,5.0,"25, 36, 61, 69, 81"
JTQKTK,2112,9.0,"13, 32, 38, 47, 53, 55, 65, 67, 76"
JTQKJJ,1311,8.0,"11, 27, 33, 69, 72, 81, 92, 96"
JTQKJK,1212,5.0,"34, 43, 72, 87, 94"
JTQKQJ,1221,11.0,"17, 25, 28, 29, 37, 38, 62, 65, 76, 83, 92"
JTQKQK,1122,5.0,"11, 42, 63, 75, 96"
JTQKKJ,1212,5.0,"12, 15, 25, 42, 61"
JTQKKK,1113,7.0,"17, 28, 35, 58, 59, 83, 91"
JTKTTJ,3201,12.0,"14, 15, 18, 33, 36, 42, 47, 51, 59, 63, 75, 92"
JTKTTK,3102,9.0,"19, 37, 51, 52, 61, 64, 78, 93, 94"
JTKTJJ,2301,4.0,"38, 47, 58, 61"
JTKTJK,2202,4.0,"12, 41, 54, 95"
JTKTQJ,2211,6.0,"18, 36, 42, 81, 84, 91"
JTKTQK,2112,6.0,"34, 37, 59, 67, 68, 83"
JTKTKJ,2202,3.0,"24, 32, 54"
JTKTKK,2103,9.0,"24, 27, 45, 57, 58, 66, 67, 69, 79"
JTKJTJ,2301,7.0,"32, 38, 47, 64, 67, 71, 98"
JTKJTK,2202,8.0,"12, 24, 41, 51, 54, 59, 69, 93"
JTKJJJ,1401,6.0,"12, 16, 31, 45, 55, 93"
JTKJJK,1302,7.0,"16, 35, 64, 65, 77, 79, 94"
JTKJQJ,1311,9.0,"15, 17, 38, 48, 65, 71, 78, 83, 84"
JTKJQK,1212,8.0,"36, 37, 39, 58, 64, 75, 78, 93"
JTKJKJ,1302,9.0,"16, 32, 44, 56, 64, 71, 92, 97, 98"
JTKJKK,1203,7.0,"11, 24, 38, 48, 66, 68, 93"
JTKQTJ,2211,5.0,"57, 73, 81, 94, 99"
JTKQTK,2112,7.0,"16, 28, 29, 55, 83, 95, 97"
JTKQJJ,1311,9.0,"12, 23, 48, 57, 62, 74, 77, 89, 96"
JTKQJK,1212,7.0,"16, 24, 39, 45, 58, 61, 96"
JTKQQJ,1221,10.0,"17, 35, 44, 56, 59, 61, 76, 79, 88, 91"
JTKQQK,1122,8.0,"11, 14, 15, 26, 47, 51, 75, 98"
JTKQKJ,1212,2.0,"33, 67"
JTKQKK,1113,7.0,"22, 28, 29, 37, 47, 68, 97"
JTKKTJ,2202,10.0,"11, 14, 35, 45, 51, 65, 66, 72, 89, 93"
JTKKTK,2103,5.0,"19, 42, 43, 49, 93"
JTKKJJ,1302,7.0,"23, 26, 35, 49, 56, 88, 98"
JTKKJK,1203,11.0,"14, 15, 24, 33, 45, 47, 59, 66, 84, 92, 98"
JTKKQJ,1212,8.0,"13, 16, 24, 34, 37, 43, 78, 97"
JTKKQK,1113,7.0,"22, 25, 28, 31, 56, 74, 97"
JTKKKJ,1203,3.0,"54, 62, 77"
JTKKKK,1104,7.0,"12, 13, 27, 43, 45, 52, 94"
JJTTTJ,3300,9.0,"22, 41, 53, 59, 62, 68, 73, 76, 94"
JJTTTK,3201,2.0,"62, 84"
JJTTJJ,2400,6.0,"18, 22, 28, 52, 63, 97"
JJTTJK,2301,5.0,"43, 71, 76, 82, 95"
JJTTQJ,2310,4.0,"14, 26, 41, 44"
JJTTQK,2211,3.0,"12, 37, 49"
JJTTKJ,2301,8.0,"13, 46, 47, 58, 68, 73, 89, 94"
JJTTKK,2202,8.0,"12, 14, 17, 45, 59, 71, 95, 96"
JJTJTJ,2400,9.0,"18, 22, 25, 55, 63, 81, 91, 93, 96"
JJTJTK,2301,7.0,"19, 31, 53, 61, 65, 68, 95"
JJTJJJ,1500,10.0,"35, 39, 47, 51, 68, 69, 72, 77, 81, 86"
JJTJJK,1401,6.0,"15, 37, 46, 78, 88, 96"
JJTJQJ,1410,12.0,"14, 23, 26, 28, 29, 32, 37, 38, 43, 47, 53, 56"
JJTJQK,1311,9.0,"14, 23, 26, 63, 69, 71, 78, 87, 96"
JJTJKJ,1401,9.0,"13, 34, 37, 42, 51, 57, 79, 94, 96"
JJTJKK,1302,6.0,"11, 28, 31, 38, 62, 76"
JJTQTJ,2310,9.0,"21, 29, 38, 63, 65, 66, 77, 95, 99"
JJTQTK,2211,3.0,"34, 45, 73"
JJTQJJ,1410,8.0,"17, 23, 29, 38, 52, 85, 86, 98"
JJTQJK,1311,5.0,"14, 27, 47, 71, 77"
JJTQQJ,1320,7.0,"12, 24, 27, 31, 61, 73, 84"
JJTQQK,1221,9.0,"11, 22, 29, 58, 59, 62, 76, 86, 92"
JJTQKJ,1311,4.0,"33, 68, 69, 78"
JJTQKK,1212,8.0,"15, 22, 24, 28, 58, 78, 88, 94"
JJTKTJ,2301,7.0,"25, 28, 35, 59, 73, 85, 94"
JJTKTK,2202,7.0,"27, 29, 32, 39, 44, 69, 92"
JJTKJJ,1401,8.0,"39, 48, 57, 67, 75, 82, 88, 94"
JJTKJK,1302,10.0,"13, 17, 38, 46, 62, 67, 79, 83, 88, 92"
JJTKQJ,1311,7.0,"24, 45, 56, 65, 71, 74, 95"
JJTKQK,1212,3.0,"34, 55, 96"
JJTKKJ,1302,6.0,"25, 47, 64, 79, 82, 92"
JJTKKK,1203,8.0,"32, 44, 63, 74, 81, 89, 93, 95"
JJJTTJ,2400,8.0,"22, 28, 37, 52, 54, 61, 75, 93"
JJJTTK,2301,6.0,"14, 29, 35, 85, 89, 92"
JJJTJJ,1500,4.0,"14, 15, 54, 92"
JJJTJK,1401,5.0,"28, 42, 63, 67, 69"
JJJTQJ,1410,8.0,"17, 25, 31, 43, 49, 61, 71, 94"
JJJTQK,1311,5.0,"15, 24, 47, 65, 71"
JJJTKJ,1401,2.0,"66, 82"
JJJTKK,1302,8.0,"14, 16, 49, 53, 55, 59, 88, 97"
JJJJTJ,1500,7.0,"14, 18, 38, 41, 57, 68, 96"
JJJJTK,1401,11.0,"18, 31, 37, 45, 57, 66, 69, 73, 82, 88, 94"
JJJJJJ,600,12.0,"19, 25, 31, 41, 43, 64, 68, 73, 76, 82, 85, 92"
JJJJJK,501,9.0,"14, 21, 27, 29, 41, 48, 59, 65, 98"
JJJJQJ,510,6.0,"15, 22, 36, 79, 81, 97"
JJJJQK,411,5.0,"35, 79, 82, 86, 98"
JJJJKJ,501,3.0,"18, 33, 72"
JJJJKK,402,6.0,"21, 39, 46, 49, 52, 88"
JJJQTJ,1410,10.0,"14, 35, 37, 38, 43, 49, 52, 76, 79, 86"
JJJQTK,1311,11.0,"12, 18, 27, 29, 41, 44, 57, 65, 68, 71, 72"
JJJQJJ,510,5.0,"13, 33, 34, 39, 84"
JJJQJK,411,8.0,"28, 35, 37, 49, 53, 68, 83, 91"
JJJQQJ,420,7.0,"12, 24, 26, 33, 39, 44, 56"
JJJQQK,321,9.0,"21, 33, 39, 42, 61, 67, 72, 82, 87"
JJJQKJ,411,5.0,"14, 16, 29, 37, 95"
JJJQKK,312,8.0,"12, 21, 23, 45, 51, 57, 75, 89"
JJJKTJ,1401,4.0,"24, 49, 58, 84"
JJJKTK,1302,7.0,"28, 29, 37, 56, 65, 88, 98"
JJJKJJ,501,7.0,"12, 32, 35, 44, 56, 63, 81"
JJJKJK,402,6.0,"21, 36, 42, 69, 72, 75"
JJJKQJ,411,6.0,"61, 62, 68, 71, 79, 82"
JJJKQK,312,3.0,"12, 29, 81"
JJJKKJ,402,5.0,"12, 27, 48, 78, 81"
JJJKKK,303,10.0,"19, 29, 32, 34, 59, 64, 76, 79, 86, 88"
JJQTTJ,2310,2.0,"21, 92"
JJQTTK,2211,8.0,"19, 27, 49, 67, 78, 81, 85, 97"
JJQTJJ,1410,3.0,"19, 35, 91"
JJQTJK,1311,7.0,"27, 48, 56, 69, 89, 95, 96"
JJQTQJ,1320,7.0,"13, 18, 27, 52, 69, 82, 88"
JJQTQK,1221,5.0,"11, 14, 35, 64, 86"
JJQTKJ,1311,8.0,"11, 18, 57, 59, 66, 89, 93, 99"
JJQTKK,1212,8.0,"52, 54, 57, 61, 63, 64, 76, 85"
JJQJTJ,1410,6.0,"14, 19, 65, 74, 76, 82"
JJQJTK,1311,3.0,"29, 68, 78"
JJQJJJ,510,6.0,"18, 19, 42, 66, 81, 99"
JJQJJK,411,8.0,"22, 29, 55, 56, 61, 76, 82, 91"
JJQJQJ,420,6.0,"21, 36, 66, 71, 72, 98"
JJQJQK,321,7.0,"15, 31, 39, 49, 57, 88, 99"
JJQJKJ,411,6.0,"13, 25, 67, 73, 83, 92"
JJQJKK,312,5.0,"26, 48, 54, 78, 86"
JJQQTJ,1320,9.0,"13, 27, 36, 49, 58, 64, 66, 72, 85"
JJQQTK,1221,6.0,"31, 34, 47, 59, 77, 82"
JJQQJJ,420,8.0,"12, 14, 27, 29, 45, 57, 96, 99"
JJQQJK,321,5.0,"12, 25, 66, 88, 96"
JJQQQJ,330,3.0,"43, 68, 76"
JJQQQK,231,9.0,"14, 21, 32, 36, 42, 59, 81, 87, 95"
JJQQKJ,321,7.0,"24, 31, 37, 52, 64, 76, 78"
JJQQKK,222,7.0,"19, 25, 34, 37, 68, 89, 97"
JJQKTJ,1311,6.0,"12, 27, 65, 72, 74, 78"
JJQKTK,1212,7.0,"21, 55, 66, 72, 81, 87, 94"
JJQKJJ,411,6.0,"11, 56, 59, 62, 77, 92"
JJQKJK,312,7.0,"36, 57, 63, 71, 74, 81, 84"
JJQKQJ,321,7.0,"55, 58, 69, 76, 81, 93, 97"
JJQKQK,222,4.0,"32, 37, 44, 98"
JJQKKJ,312,4.0,"18, 33, 81, 84"
JJQKKK,213,8.0,"16, 24, 39, 63, 66, 67, 75, 94"
JJKTTJ,2301,8.0,"14, 17, 19, 29, 52, 59, 73, 91"
JJKTTK,2202,11.0,"14, 26, 29, 38, 45, 56, 59, 62, 81, 89, 92"
JJKTJJ,1401,4.0,"25, 46, 48, 81"
JJKTJK,1302,7.0,"16, 37, 47, 65, 71, 79, 89"
JJKTQJ,1311,6.0,"11, 33, 38, 45, 78, 92"
JJKTQK,1212,3.0,"28, 34, 79"
JJKTKJ,1302,9.0,"37, 44, 59, 62, 73, 77, 86, 88, 92"
JJKTKK,1203,7.0,"12, 41, 47, 48, 53, 57, 84"
JJKJTJ,1401,3.0,"19, 69, 99"
JJKJTK,1302,13.0,"14, 25, 28, 29, 43, 49, 53, 58, 77, 79, 86, 91, 95"
JJKJJJ,501,6.0,"15, 21, 27, 38, 62, 77"
JJKJJK,402,3.0,"43, 64, 78"
JJKJQJ,411,7.0,"14, 22, 34, 43, 64, 71, 91"
JJKJQK,312,6.0,"21, 24, 42, 47, 77, 84"
JJKJKJ,402,5.0,"21, 55, 63, 66, 96"
JJKJKK,303,9.0,"11, 14, 28, 31, 46, 67, 74, 88, 94"
JJKQTJ,1311,10.0,"21, 26, 27, 36, 41, 62, 65, 71, 78, 83"
JJKQTK,1212,7.0,"39, 79, 87, 88, 91, 96, 97"
JJKQJJ,411,5.0,"11, 26, 32, 49, 77"
JJKQJK,312,9.0,"24, 35, 47, 53, 65, 75, 89, 95, 98"
JJKQQJ,321,5.0,"24, 81, 82, 85, 93"
JJKQQK,222,12.0,"22, 29, 31, 35, 41, 43, 55, 64, 65, 73, 83, 98"
JJKQKJ,312,7.0,"26, 27, 35, 41, 62, 93, 98"
JJKQKK,213,7.0,"12, 19, 25, 46, 49, 73, 99"
JJKKTJ,1302,4.0,"29, 32, 59, 65"
JJKKTK,1203,4.0,"15, 29, 84, 86"
JJKKJJ,402,10.0,"22, 27, 34, 66, 75, 82, 91, 93, 97, 99"
JJKKJK,303,10.0,"11, 28, 31, 34, 41, 46, 53, 61, 67, 73"
JJKKQJ,312,9.0,"33, 36, 42, 47, 69, 75, 78, 95, 98"
JJKKQK,213,6.0,"13, 34, 51, 58, 75, 82"
JJKKKJ,303,8.0,"17, 25, 44, 67, 68, 79, 86, 95"
JJKKKK,204,3.0,"45, 77, 84"
JQTTTJ,3210,5.0,"39, 49, 64, 67, 78"
JQTTTK,3111,2.0,"64, 79"
JQTTJJ,2310,9.0,"15, 29, 36, 39, 41, 42, 53, 92, 98"
JQTTJK,2211,7.0,"18, 24, 31, 39, 49, 55, 73"
JQTTQJ,2220,10.0,"14, 46, 52, 56, 59, 61, 74, 76, 79, 86"
JQTTQK,2121,11.0,"12, 14, 21, 29, 35, 39, 44, 47, 57, 65, 98"
JQTTKJ,2211,6.0,"15, 46, 49, 52, 66, 96"
JQTTKK,2112,8.0,"13, 29, 44, 47, 56, 65, 97, 98"
JQTJTJ,2310,7.0,"18, 62, 63, 74, 77, 86, 96"
JQTJTK,2211,9.0,"15, 28, 45, 46, 58, 63, 75, 84, 94"
JQTJJJ,1410,6.0,"23, 25, 32, 37, 52, 95"
JQTJJK,1311,9.0,"14, 35, 36, 41, 45, 51, 71, 87, 99"
JQTJQJ,1320,7.0,"13, 24, 28, 33, 66, 78, 93"
JQTJQK,1221,7.0,"22, 32, 43, 55, 71, 83, 91"
JQTJKK,1212,4.0,"31, 52, 58, 66"
JQTQTJ,2220,3.0,"35, 71, 91"
JQTQTK,2121,9.0,"12, 15, 24, 36, 38, 54, 59, 62, 92"
JQTQJJ,1320,3.0,"27, 42, 55"
JQTQJK,1221,5.0,"55, 58, 62, 67, 97"
JQTQQJ,1230,5.0,"36, 41, 47, 81, 93"
JQTQQK,1131,3.0,"25, 27, 31"
JQTQKJ,1221,6.0,"44, 55, 65, 73, 79, 86"
JQTQKK,1122,4.0,"35, 62, 71, 93"
JQTKTJ,2211,7.0,"13, 61, 64, 69, 75, 79, 85"
JQTKTK,2112,11.0,"13, 14, 25, 37, 44, 73, 76, 79, 88, 91, 92"
JQTKJJ,1311,9.0,"18, 44, 59, 62, 71, 72, 81, 84, 93"
JQTKJK,1212,8.0,"13, 15, 16, 19, 37, 63, 93, 97"
JQTKQJ,1221,5.0,"35, 46, 47, 64, 91"
JQTKQK,1122,2.0,"51, 54"
JQTKKJ,1212,7.0,"19, 39, 58, 66, 67, 69, 97"
JQTKKK,1113,4.0,"26, 28, 65, 85"
JQJTTJ,2310,8.0,"14, 17, 26, 27, 36, 57, 62, 98"
JQJTTK,2211,8.0,"13, 22, 33, 34, 48, 52, 75, 96"
JQJTJJ,1410,8.0,"28, 29, 35, 47, 56, 62, 67, 97"
JQJTJK,1311,8.0,"15, 17, 24, 38, 39, 41, 51, 95"
JQJTQJ,1320,5.0,"27, 55, 64, 66, 78"
JQJTQK,1221,12.0,"14, 16, 25, 38, 53, 56, 62, 73, 76, 83, 88, 92"
JQJTKJ,1311,4.0,"18, 92, 95, 98"
JQJTKK,1212,6.0,"25, 36, 55, 67, 72, 76"
JQJJTJ,1410,5.0,"41, 58, 71, 85, 97"
JQJJTK,1311,11.0,"15, 17, 18, 32, 36, 41, 51, 71, 83, 93, 98"
JQJJJJ,510,2.0,"28, 55"
JQJJJK,411,5.0,"26, 32, 62, 71, 79"
JQJJQJ,420,3.0,"14, 15, 84"
JQJJQK,321,6.0,"16, 31, 34, 75, 81, 87"
JQJJKJ,411,5.0,"13, 37, 76, 86, 95"
JQJJKK,312,9.0,"12, 21, 29, 38, 54, 66, 71, 78, 84"
JQJQTJ,1320,7.0,"15, 16, 18, 69, 81, 91, 93"
JQJQTK,1221,5.0,"38, 53, 77, 79, 89"
JQJQJJ,420,7.0,"23, 24, 26, 68, 74, 93, 95"
JQJQJK,321,5.0,"15, 19, 22, 78, 94"
JQJQQJ,330,6.0,"26, 35, 59, 65, 68, 79"
JQJQQK,231,4.0,"21, 36, 54, 65"
JQJQKJ,321,13.0,"13, 33, 34, 42, 45, 49, 52, 57, 69, 76, 82, 91, 96"
JQJQKK,222,7.0,"14, 17, 29, 35, 73, 91, 92"
JQJKTJ,1311,5.0,"32, 36, 63, 65, 74"
JQJKTK,1212,4.0,"72, 85, 87, 99"
JQJKJJ,411,8.0,"26, 31, 62, 64, 68, 73, 77, 94"
JQJKJK,312,7.0,"14, 32, 45, 66, 75, 77, 84"
JQJKQJ,321,7.0,"12, 21, 25, 52, 78, 87, 91"
JQJKQK,222,7.0,"23, 53, 61, 64, 79, 86, 94"
JQJKKJ,312,9.0,"36, 38, 47, 65, 78, 81, 89, 93, 99"
JQJKKK,213,8.0,"21, 39, 51, 52, 66, 73, 93, 97"
JQQTTJ,2220,5.0,"56, 58, 65, 71, 92"
JQQTTK,2121,7.0,"11, 14, 23, 54, 62, 69, 77"
JQQTJJ,1320,5.0,"12, 73, 79, 81, 91"
JQQTJK,1221,6.0,"14, 25, 37, 64, 65, 89"
JQQTQJ,1230,5.0,"29, 65, 74, 89, 96"
JQQTQK,1131,9.0,"15, 27, 28, 36, 37, 57, 87, 91, 96"
JQQTKJ,1221,6.0,"17, 35, 47, 55, 62, 97"
JQQTKK,1122,6.0,"21, 53, 59, 74, 98, 99"
JQQJTJ,1320,8.0,"15, 18, 52, 61, 72, 82, 91, 96"
JQQJTK,1221,6.0,"35, 37, 59, 68, 73, 91"
JQQJJJ,420,5.0,"21, 26, 65, 92, 99"
JQQJJK,321,7.0,"12, 28, 42, 43, 48, 54, 94"
JQQJQJ,330,6.0,"11, 26, 28, 53, 55, 77"
JQQJQK,231,4.0,"12, 33, 38, 41"
JQQJKJ,321,7.0,"12, 22, 25, 48, 55, 72, 82"
JQQJKK,222,8.0,"11, 31, 43, 56, 64, 73, 85, 98"
JQQQTJ,1230,4.0,"15, 38, 45, 83"
JQQQTK,1131,6.0,"39, 55, 64, 66, 67, 87"
JQQQJJ,330,8.0,"22, 44, 47, 53, 67, 73, 86, 88"
JQQQJK,231,8.0,"23, 27, 51, 56, 66, 77, 92, 95"
JQQQQJ,240,6.0,"28, 49, 52, 66, 87, 97"
JQQQQK,141,7.0,"14, 29, 55, 65, 76, 79, 98"
JQQQKJ,231,8.0,"11, 29, 36, 53, 56, 65, 69, 92"
JQQQKK,132,6.0,"27, 31, 55, 66, 69, 91"
JQQKTJ,1221,5.0,"38, 44, 46, 49, 83"
JQQKTK,1122,4.0,"44, 71, 78, 92"
JQQKJJ,321,5.0,"13, 16, 21, 22, 54"
JQQKJK,222,4.0,"13, 41, 83, 95"
JQQKQJ,231,6.0,"21, 26, 44, 51, 87, 96"
JQQKQK,132,3.0,"18, 63, 87"
JQQKKJ,222,9.0,"11, 14, 22, 58, 59, 61, 68, 85, 91"
JQQKKK,123,8.0,"15, 26, 38, 62, 65, 71, 75, 89"
JQKTTJ,2211,8.0,"13, 19, 36, 39, 64, 81, 84, 85"
JQKTTK,2112,8.0,"22, 47, 59, 65, 67, 79, 94, 95"
JQKTJJ,1311,6.0,"32, 62, 65, 66, 69, 71"
JQKTJK,1212,4.0,"24, 27, 57, 87"
JQKTQK,1122,6.0,"11, 27, 35, 51, 81, 96"
JQKTKJ,1212,8.0,"15, 19, 25, 27, 36, 42, 69, 75"
JQKTKK,1113,7.0,"31, 41, 59, 65, 73, 77, 88"
JQKJTJ,1311,6.0,"17, 18, 27, 38, 77, 98"
JQKJTK,1212,12.0,"12, 13, 15, 19, 25, 36, 39, 49, 55, 64, 81, 91"
JQKJJJ,411,11.0,"11, 14, 22, 32, 35, 37, 43, 49, 71, 82, 89"
JQKJJK,312,5.0,"11, 41, 51, 69, 89"
JQKJQJ,321,6.0,"13, 25, 34, 46, 55, 81"
JQKJQK,222,4.0,"22, 31, 52, 67"
JQKJKJ,312,5.0,"21, 42, 57, 71, 95"
JQKJKK,213,7.0,"28, 42, 43, 54, 58, 63, 91"
JQKQTJ,1221,7.0,"13, 26, 32, 58, 59, 61, 77"
JQKQTK,1122,8.0,"35, 53, 57, 75, 77, 92, 95, 96"
JQKQJJ,321,10.0,"16, 19, 31, 39, 45, 46, 52, 61, 66, 94"
JQKQJK,222,3.0,"13, 85, 92"
JQKQQJ,231,5.0,"24, 26, 45, 63, 99"
JQKQQK,132,9.0,"18, 19, 25, 28, 34, 57, 67, 78, 94"
JQKQKJ,222,6.0,"11, 26, 55, 61, 73, 94"
JQKQKK,123,9.0,"11, 12, 23, 39, 48, 62, 72, 92, 95"
JQKKTJ,1212,5.0,"16, 28, 43, 55, 87"
JQKKTK,1113,5.0,"14, 25, 53, 56, 76"
JQKKJJ,312,7.0,"11, 15, 21, 36, 47, 56, 95"
JQKKJK,213,6.0,"18, 27, 58, 67, 78, 96"
JQKKQJ,222,4.0,"25, 34, 68, 94"
JQKKQK,123,7.0,"32, 57, 66, 74, 77, 86, 87"
JQKKKJ,213,5.0,"22, 52, 66, 72, 84"
JQKKKK,114,4.0,"26, 64, 82, 89"
JKTTTJ,3201,5.0,"33, 48, 62, 71, 93"
JKTTTK,3102,6.0,"13, 27, 31, 52, 61, 82"
JKTTJJ,2301,5.0,"13, 62, 76, 91, 94"
JKTTJK,2202,6.0,"47, 51, 59, 72, 81, 87"
JKTTQJ,2211,6.0,"12, 19, 24, 31, 64, 79"
JKTTQK,2112,7.0,"17, 22, 35, 55, 61, 76, 91"
JKTTKJ,2202,5.0,"17, 26, 47, 69, 84"
JKTTKK,2103,5.0,"13, 21, 36, 94, 97"
JKTJTJ,2301,6.0,"43, 56, 64, 73, 74, 92"
JKTJTK,2202,8.0,"23, 24, 41, 59, 63, 65, 78, 92"
JKTJJJ,1401,5.0,"28, 51, 57, 75, 94"
JKTJJK,1302,7.0,"31, 32, 35, 43, 53, 82, 91"
JKTJQJ,1311,10.0,"11, 15, 17, 47, 48, 54, 56, 57, 62, 68"
JKTJQK,1212,8.0,"15, 36, 43, 45, 55, 75, 94, 99"
JKTJKJ,1302,5.0,"53, 58, 61, 64, 67"
JKTJKK,1203,7.0,"36, 62, 69, 74, 86, 87, 99"
JKTQTJ,2211,9.0,"22, 42, 48, 55, 69, 81, 84, 85, 97"
JKTQTK,2112,6.0,"11, 22, 25, 43, 44, 82"
JKTQJJ,1311,9.0,"11, 15, 39, 47, 48, 57, 92, 95, 99"
JKTQJK,1212,5.0,"15, 24, 36, 42, 67"
JKTQQJ,1221,10.0,"11, 17, 22, 31, 32, 34, 37, 46, 67, 86"
JKTQQK,1122,5.0,"41, 44, 48, 54, 69"
JKTQKJ,1212,3.0,"15, 21, 82"
JKTQKK,1113,6.0,"19, 32, 53, 79, 86, 98"
JKTKTJ,2202,5.0,"35, 45, 59, 62, 72"
JKTKTK,2103,7.0,"15, 21, 22, 48, 55, 69, 96"
JKTKJJ,1302,4.0,"37, 82, 91, 98"
JKTKJK,1203,10.0,"11, 12, 21, 24, 35, 47, 51, 63, 77, 93"
JKTKQJ,1212,5.0,"16, 21, 27, 61, 82"
JKTKQK,1113,9.0,"25, 32, 43, 58, 61, 74, 89, 92, 94"
JKTKKJ,1203,3.0,"21, 77, 96"
JKTKKK,1104,7.0,"31, 34, 49, 55, 63, 79, 91"
JKJTTJ,2301,1.0,67
JKJTTK,2202,9.0,"29, 33, 39, 45, 51, 54, 69, 72, 95"
JKJTJJ,1401,5.0,"46, 67, 88, 96, 97"
JKJTJK,1302,3.0,"43, 64, 83"
JKJTQJ,1311,7.0,"14, 17, 29, 51, 71, 81, 87"
JKJTQK,1212,11.0,"16, 19, 22, 37, 43, 46, 55, 57, 67, 75, 93"
JKJTKJ,1302,6.0,"35, 49, 68, 76, 92, 98"
JKJTKK,1203,8.0,"12, 14, 24, 32, 42, 59, 66, 93"
JKJJTJ,1401,7.0,"15, 28, 42, 45, 73, 78, 93"
JKJJTK,1302,6.0,"11, 47, 65, 68, 86, 92"
JKJJJJ,501,6.0,"27, 44, 69, 84, 95, 98"
JKJJJK,402,7.0,"12, 16, 24, 25, 28, 48, 54"
JKJJQJ,411,10.0,"11, 14, 34, 35, 44, 53, 59, 62, 68, 88"
JKJJQK,312,7.0,"18, 26, 29, 44, 56, 74, 84"
JKJJKJ,402,4.0,"37, 75, 91, 99"
JKJJKK,303,9.0,"19, 47, 58, 61, 68, 83, 89, 91, 97"
JKJQTJ,1311,5.0,"21, 26, 35, 95, 98"
JKJQTK,1212,7.0,"21, 52, 66, 72, 75, 78, 82"
JKJQJJ,411,5.0,"29, 38, 43, 67, 92"
JKJQJK,312,7.0,"14, 44, 45, 57, 62, 65, 89"
JKJQQJ,321,5.0,"33, 37, 58, 64, 76"
JKJQQK,222,4.0,"25, 56, 73, 92"
JKJQKJ,312,5.0,"12, 32, 63, 68, 98"
JKJQKK,213,8.0,"31, 46, 75, 78, 79, 82, 94, 96"
JKJKTJ,1302,6.0,"35, 38, 44, 91, 94, 98"
JKJKTK,1203,12.0,"14, 27, 36, 38, 41, 47, 53, 66, 78, 84, 92, 98"
JKJKJJ,402,6.0,"27, 42, 43, 66, 85, 91"
JKJKJK,303,6.0,"31, 32, 44, 61, 68, 94"
JKJKQJ,312,8.0,"11, 15, 18, 38, 51, 53, 78, 99"
JKJKQK,213,2.0,"46, 52"
JKJKKJ,303,4.0,"11, 17, 46, 92"
JKJKKK,204,4.0,"15, 63, 89, 95"
JKQTTJ,2211,4.0,"28, 31, 82, 96"
JKQTTK,2112,5.0,"25, 28, 32, 58, 73"
JKQTJJ,1311,10.0,"17, 21, 32, 39, 44, 47, 74, 81, 89, 92"
JKQTJK,1212,5.0,"28, 43, 55, 58, 63"
JKQTQJ,1221,10.0,"13, 23, 29, 43, 44, 49, 61, 65, 91, 94"
JKQTQK,1122,8.0,"15, 18, 27, 48, 56, 66, 68, 89"
JKQTKJ,1212,13.0,"12, 25, 28, 33, 39, 42, 45, 63, 64, 69, 75, 82, 97"
JKQTKK,1113,2.0,"47, 59"
JKQJTJ,1311,8.0,"12, 24, 26, 48, 56, 66, 71, 83"
JKQJTK,1212,11.0,"15, 19, 21, 24, 28, 43, 57, 63, 75, 87, 99"
JKQJJJ,411,7.0,"14, 32, 53, 56, 62, 92, 94"
JKQJJK,312,8.0,"23, 24, 47, 59, 68, 69, 95, 99"
JKQJQJ,321,7.0,"13, 16, 25, 27, 67, 79, 87"
JKQJQK,222,6.0,"13, 34, 56, 64, 91, 94"
JKQJKJ,312,5.0,"18, 35, 42, 74, 86"
JKQJKK,213,5.0,"43, 46, 58, 67, 93"
JKQQTJ,1221,7.0,"11, 53, 58, 61, 67, 89, 92"
JKQQTK,1122,7.0,"18, 21, 29, 36, 57, 84, 93"
JKQQJJ,321,6.0,"25, 31, 39, 42, 87, 97"
JKQQJK,222,7.0,"34, 35, 37, 58, 79, 92, 98"
JKQQQJ,231,4.0,"18, 53, 69, 92"
JKQQQK,132,4.0,"49, 51, 55, 88"
JKQQKJ,222,8.0,"13, 17, 47, 61, 76, 79, 91, 98"
JKQQKK,123,3.0,"57, 78, 98"
JKQKTJ,1212,5.0,"13, 28, 37, 67, 96"
JKQKTK,1113,6.0,"23, 35, 41, 53, 56, 97"
JKQKJJ,312,10.0,"11, 12, 24, 26, 32, 54, 68, 74, 77, 89"
JKQKJK,213,7.0,"18, 52, 66, 79, 85, 87, 88"
JKQKQJ,222,3.0,"26, 28, 32"
JKQKQK,123,4.0,"15, 54, 56, 59"
JKQKKJ,213,5.0,"33, 51, 72, 76, 99"
JKQKKK,114,6.0,"32, 41, 52, 61, 62, 94"
JKKTTJ,2202,6.0,"15, 29, 48, 54, 65, 89"
JKKTTK,2103,3.0,"31, 49, 88"
JKKTJJ,1302,5.0,"11, 23, 58, 59, 79"
JKKTJK,1203,4.0,"12, 53, 57, 75"
JKKTQJ,1212,7.0,"15, 16, 19, 25, 46, 61, 81"
JKKTQK,1113,7.0,"19, 31, 35, 47, 58, 74, 86"
JKKTKJ,1203,8.0,"14, 24, 32, 35, 44, 53, 62, 77"
JKKTKK,1104,5.0,"25, 31, 33, 49, 78"
JKKJTJ,1302,7.0,"16, 26, 37, 61, 82, 86, 95"
JKKJTK,1203,3.0,"38, 48, 75"
JKKJJJ,402,6.0,"13, 39, 49, 66, 79, 81"
JKKJJK,303,4.0,"29, 61, 73, 91"
JKKJQJ,312,6.0,"65, 71, 74, 81, 84, 96"
JKKJQK,213,7.0,"16, 49, 51, 54, 63, 76, 94"
JKKJKJ,303,6.0,"29, 41, 55, 58, 61, 65"
JKKJKK,204,8.0,"26, 32, 42, 45, 54, 56, 66, 78"
JKKQTJ,1212,11.0,"24, 31, 33, 39, 42, 57, 58, 63, 66, 67, 72"
JKKQTK,1113,5.0,"13, 19, 43, 68, 86"
JKKQJJ,312,8.0,"24, 33, 35, 38, 41, 54, 56, 69"
JKKQJK,213,8.0,"18, 25, 28, 42, 52, 84, 96, 99"
JKKQQJ,222,4.0,"25, 61, 74, 76"
JKKQQK,123,6.0,"29, 32, 33, 54, 59, 75"
JKKQKJ,213,5.0,"18, 31, 57, 58, 82"
JKKQKK,114,8.0,"23, 49, 52, 56, 73, 85, 95, 98"
JKKKTJ,1203,7.0,"15, 33, 36, 42, 54, 77, 96"
JKKKTK,1104,8.0,"12, 18, 27, 31, 51, 52, 88, 97"
JKKKJJ,303,4.0,"44, 73, 79, 92"
JKKKJK,204,8.0,"23, 41, 48, 59, 77, 92, 93, 99"
JKKKQJ,213,5.0,"49, 58, 78, 79, 94"
JKKKQK,114,2.0,"77, 82"
JKKKKJ,204,7.0,"26, 29, 35, 65, 71, 81, 84"
JKKKKK,105,9.0,"25, 39, 42, 46, 52, 55, 75, 79, 87"
QTTTTJ,4110,8.0,"17, 28, 31, 49, 59, 67, 73, 88"
QTTTTK,4011,6.0,"27, 33, 36, 68, 72, 96"
QTTTJJ,3210,2.0,"67, 99"
QTTTJK,3111,5.0,"13, 19, 31, 49, 82"
QTTTQJ,3120,8.0,"11, 35, 51, 59, 69, 81, 84, 98"
QTTTQK,3021,6.0,"16, 18, 79, 81, 84, 91"
QTTTKJ,3111,8.0,"16, 19, 26, 58, 61, 64, 95, 98"
QTTTKK,3012,10.0,"23, 36, 38, 41, 57, 63, 65, 69, 78, 89"
QTTJTJ,3210,9.0,"18, 21, 31, 37, 58, 66, 75, 84, 91"
QTTJTK,3111,7.0,"19, 25, 38, 47, 52, 56, 74"
QTTJJJ,2310,2.0,"65, 92"
QTTJJK,2211,9.0,"13, 33, 42, 51, 55, 58, 66, 93, 99"
QTTJQJ,2220,4.0,"43, 68, 82, 98"
QTTJQK,2121,8.0,"12, 21, 41, 45, 62, 71, 84, 95"
QTTJKJ,2211,7.0,"13, 19, 31, 36, 48, 78, 88"
QTTJKK,2112,6.0,"11, 32, 46, 58, 86, 97"
QTTQTJ,3120,13.0,"14, 15, 27, 38, 44, 54, 59, 68, 69, 93, 96, 98, 99"
QTTQTK,3021,6.0,"18, 28, 48, 57, 67, 69"
QTTQJJ,2220,6.0,"29, 52, 59, 64, 97, 98"
QTTQJK,2121,9.0,"11, 32, 36, 59, 66, 68, 81, 83, 96"
QTTQQJ,2130,7.0,"15, 24, 33, 45, 46, 81, 93"
QTTQQK,2031,10.0,"11, 17, 28, 37, 43, 55, 56, 64, 86, 98"
QTTQKJ,2121,7.0,"14, 65, 74, 83, 84, 87, 95"
QTTQKK,2022,11.0,"15, 28, 42, 61, 69, 76, 78, 79, 81, 91, 93"
QTTKTJ,3111,8.0,"37, 38, 43, 64, 79, 89, 94, 95"
QTTKTK,3012,13.0,"15, 23, 24, 29, 32, 59, 63, 65, 72, 78, 83, 92, 98"
QTTKJJ,2211,10.0,"18, 36, 46, 48, 51, 63, 64, 69, 91, 99"
QTTKJK,2112,10.0,"26, 28, 29, 37, 43, 47, 55, 61, 83, 91"
QTTKQJ,2121,10.0,"11, 12, 14, 29, 39, 48, 51, 84, 92, 95"
QTTKQK,2022,4.0,"54, 69, 79, 93"
QTTKKJ,2112,10.0,"13, 17, 25, 38, 49, 59, 88, 94, 95, 98"
QTTKKK,2013,5.0,"15, 21, 29, 84, 87"
QTJTTJ,3210,8.0,"33, 45, 49, 54, 58, 72, 91, 93"
QTJTTK,3111,4.0,"19, 31, 46, 67"
QTJTJJ,2310,6.0,"11, 14, 33, 47, 62, 99"
QTJTJK,2211,5.0,"12, 18, 34, 57, 69"
QTJTQJ,2220,5.0,"16, 29, 38, 59, 82"
QTJTQK,2121,3.0,"48, 77, 84"
QTJTKJ,2211,10.0,"13, 42, 45, 46, 58, 63, 64, 66, 67, 99"
QTJTKK,2112,7.0,"14, 25, 34, 49, 55, 65, 98"
QTJJTJ,2310,5.0,"32, 81, 83, 86, 95"
QTJJTK,2211,7.0,"22, 28, 34, 42, 57, 67, 85"
QTJJJJ,1410,6.0,"14, 17, 25, 31, 34, 95"
QTJJJK,1311,10.0,"15, 29, 62, 68, 77, 78, 81, 89, 92, 93"
QTJJQJ,1320,3.0,"25, 37, 42"
QTJJQK,1221,8.0,"23, 44, 53, 61, 77, 82, 91, 95"
QTJJKJ,1311,7.0,"11, 12, 18, 35, 47, 68, 84"
QTJJKK,1212,6.0,"28, 33, 54, 79, 82, 99"
QTJQTJ,2220,6.0,"16, 28, 29, 53, 65, 79"
QTJQTK,2121,8.0,"26, 27, 32, 33, 39, 51, 63, 65"
QTJQJJ,1320,9.0,"13, 27, 37, 58, 61, 69, 79, 82, 96"
QTJQJK,1221,4.0,"49, 59, 73, 88"
QTJQQJ,1230,5.0,"24, 26, 57, 77, 78"
QTJQQK,1131,11.0,"16, 21, 22, 27, 34, 43, 45, 55, 64, 85, 94"
QTJQKJ,1221,7.0,"13, 26, 34, 35, 68, 71, 73"
QTJQKK,1122,2.0,"42, 69"
QTJKTJ,2211,11.0,"18, 19, 31, 46, 72, 78, 79, 82, 88, 91, 99"
QTJKTK,2112,7.0,"13, 17, 34, 68, 73, 91, 97"
QTJKJJ,1311,8.0,"17, 41, 57, 62, 77, 83, 84, 87"
QTJKJK,1212,9.0,"15, 21, 33, 52, 64, 69, 75, 94, 97"
QTJKQJ,1221,5.0,"49, 53, 61, 92, 98"
QTJKQK,1122,7.0,"24, 27, 33, 38, 65, 95, 96"
QTJKKJ,1212,8.0,"33, 36, 37, 43, 64, 66, 76, 87"
QTJKKK,1113,6.0,"14, 31, 44, 59, 86, 98"
QTQTTJ,3120,10.0,"15, 35, 41, 48, 54, 74, 77, 84, 93, 98"
QTQTTK,3021,5.0,"18, 73, 82, 88, 97"
QTQTJJ,2220,4.0,"35, 46, 79, 83"
QTQTJK,2121,5.0,"11, 33, 57, 65, 77"
QTQTQJ,2130,9.0,"24, 28, 42, 45, 49, 61, 63, 66, 88"
QTQTQK,2031,4.0,"13, 47, 58, 97"
QTQTKJ,2121,8.0,"26, 27, 38, 54, 56, 66, 72, 89"
QTQTKK,2022,7.0,"15, 36, 57, 75, 96, 97, 99"
QTQJTJ,2220,6.0,"26, 43, 47, 73, 89, 98"
QTQJTK,2121,7.0,"24, 35, 45, 47, 65, 89, 99"
QTQJJJ,1320,8.0,"16, 22, 37, 63, 69, 79, 82, 84"
QTQJJK,1221,6.0,"11, 31, 47, 59, 82, 83"
QTQJQJ,1230,7.0,"12, 33, 36, 69, 92, 96, 99"
QTQJQK,1131,8.0,"13, 15, 19, 25, 39, 54, 55, 97"
QTQJKJ,1221,6.0,"43, 47, 64, 68, 89, 94"
QTQJKK,1122,6.0,"29, 36, 38, 44, 45, 86"
QTQQTJ,2130,6.0,"13, 18, 27, 45, 52, 75"
QTQQTK,2031,6.0,"16, 53, 58, 59, 76, 97"
QTQQJJ,1230,8.0,"11, 38, 59, 62, 66, 68, 69, 96"
QTQQJK,1131,6.0,"28, 34, 43, 63, 93, 99"
QTQQQJ,1140,4.0,"14, 34, 67, 76"
QTQQQK,1041,6.0,"15, 18, 33, 48, 63, 86"
QTQQKJ,1131,2.0,"12, 22"
QTQQKK,1032,7.0,"14, 17, 46, 61, 74, 76, 77"
QTQKTJ,2121,5.0,"17, 44, 56, 69, 83"
QTQKTK,2022,6.0,"16, 37, 55, 64, 78, 79"
QTQKJJ,1221,14.0,"22, 26, 29, 35, 44, 53, 61, 67, 71, 82, 83, 91, 95, 97"
QTQKJK,1122,7.0,"48, 51, 53, 56, 66, 68, 77"
QTQKQJ,1131,5.0,"13, 46, 63, 79, 93"
QTQKQK,1032,4.0,"29, 31, 37, 98"
QTQKKJ,1122,12.0,"18, 21, 24, 26, 35, 42, 45, 51, 57, 74, 89, 99"
QTQKKK,1023,3.0,"66, 73, 97"
QTKTTJ,3111,6.0,"14, 19, 25, 34, 95, 98"
QTKTTK,3012,5.0,"38, 44, 45, 47, 95"
QTKTJJ,2211,6.0,"15, 48, 66, 81, 94, 97"
QTKTJK,2112,6.0,"11, 23, 55, 67, 71, 76"
QTKTQJ,2121,5.0,"21, 32, 44, 62, 78"
QTKTQK,2022,3.0,"46, 72, 96"
QTKTKJ,2112,4.0,"13, 26, 44, 77"
QTKTKK,2013,7.0,"11, 32, 41, 51, 53, 95, 98"
QTKJTJ,2211,5.0,"24, 31, 42, 55, 63"
QTKJTK,2112,7.0,"14, 16, 26, 32, 34, 62, 97"
QTKJJJ,1311,5.0,"18, 23, 36, 44, 98"
QTKJJK,1212,6.0,"27, 37, 39, 46, 87, 94"
QTKJQJ,1221,5.0,"16, 28, 35, 53, 58"
QTKJQK,1122,5.0,"12, 54, 56, 74, 87"
QTKJKJ,1212,6.0,"16, 21, 52, 61, 87, 99"
QTKJKK,1113,6.0,"35, 37, 41, 64, 86, 98"
QTKQTJ,2121,4.0,"11, 38, 72, 95"
QTKQTK,2022,8.0,"31, 33, 42, 46, 63, 66, 87, 93"
QTKQJJ,1221,8.0,"29, 32, 35, 44, 56, 58, 91, 94"
QTKQJK,1122,8.0,"15, 24, 41, 45, 59, 69, 78, 92"
QTKQQJ,1131,8.0,"22, 34, 42, 43, 58, 63, 76, 93"
QTKQQK,1032,8.0,"11, 14, 17, 35, 56, 92, 97, 98"
QTKQKJ,1122,3.0,"38, 42, 84"
QTKQKK,1023,7.0,"19, 31, 52, 58, 64, 75, 79"
QTKKTJ,2112,5.0,"29, 49, 68, 71, 77"
QTKKTK,2013,8.0,"14, 24, 35, 47, 54, 62, 77, 81"
QTKKJJ,1212,9.0,"25, 27, 28, 33, 69, 78, 82, 88, 99"
QTKKJK,1113,8.0,"17, 26, 41, 43, 46, 55, 58, 62"
QTKKQJ,1122,3.0,"27, 69, 78"
QTKKQK,1023,10.0,"18, 22, 24, 42, 51, 57, 66, 69, 97, 99"
QTKKKJ,1113,11.0,"23, 28, 29, 35, 46, 62, 67, 74, 83, 86, 91"
QTKKKK,1014,8.0,"26, 33, 53, 86, 89, 93, 96, 99"
QJTTTJ,3210,6.0,"21, 33, 34, 82, 91, 96"
QJTTTK,3111,4.0,"16, 26, 31, 49"
QJTTJJ,2310,5.0,"21, 59, 69, 95, 98"
QJTTJK,2211,7.0,"16, 24, 31, 33, 37, 39, 52"
QJTTQJ,2220,8.0,"28, 43, 53, 59, 65, 68, 91, 95"
QJTTQK,2121,6.0,"12, 23, 41, 45, 59, 92"
QJTTKJ,2211,8.0,"16, 36, 45, 51, 63, 69, 85, 93"
QJTTKK,2112,10.0,"11, 28, 29, 32, 43, 55, 67, 71, 73, 82"
QJTJTJ,2310,12.0,"24, 32, 42, 44, 53, 63, 68, 71, 75, 87, 96, 99"
QJTJTK,2211,6.0,"36, 55, 61, 63, 84, 94"
QJTJJJ,1410,7.0,"29, 49, 61, 62, 79, 82, 92"
QJTJJK,1311,5.0,"36, 62, 66, 81, 83"
QJTJQJ,1320,6.0,"22, 27, 78, 81, 85, 94"
QJTJQK,1221,9.0,"23, 29, 31, 55, 67, 79, 83, 89, 94"
QJTJKJ,1311,12.0,"11, 12, 24, 26, 36, 39, 47, 54, 59, 62, 69, 83"
QJTJKK,1212,3.0,"13, 39, 64"
QJTQTJ,2220,7.0,"34, 46, 47, 64, 89, 91, 94"
QJTQTK,2121,9.0,"23, 29, 32, 38, 39, 66, 72, 81, 99"
QJTQJJ,1320,9.0,"25, 27, 37, 39, 46, 58, 78, 79, 93"
QJTQJK,1221,6.0,"49, 55, 62, 65, 73, 94"
QJTQQJ,1230,8.0,"18, 21, 27, 32, 63, 81, 83, 95"
QJTQQK,1131,8.0,"16, 19, 33, 48, 58, 67, 91, 97"
QJTQKJ,1221,7.0,"11, 32, 46, 53, 67, 76, 89"
QJTQKK,1122,5.0,"11, 23, 41, 44, 84"
QJTKTJ,2211,2.0,"24, 64"
QJTKTK,2112,6.0,"22, 26, 28, 29, 58, 76"
QJTKJJ,1311,6.0,"11, 12, 51, 62, 71, 95"
QJTKJK,1212,9.0,"13, 21, 33, 34, 48, 63, 66, 67, 91"
QJTKQJ,1221,5.0,"11, 25, 38, 89, 98"
QJTKQK,1122,8.0,"11, 14, 15, 35, 45, 66, 84, 95"
QJTKKJ,1212,6.0,"15, 24, 31, 66, 81, 87"
QJTKKK,1113,7.0,"29, 31, 34, 56, 73, 85, 98"
QJJTTJ,2310,5.0,"15, 68, 84, 96, 99"
QJJTTK,2211,4.0,"13, 36, 45, 96"
QJJTJJ,1410,7.0,"38, 62, 67, 68, 76, 94, 97"
QJJTJK,1311,5.0,"14, 56, 71, 83, 95"
QJJTQJ,1320,7.0,"15, 27, 31, 37, 45, 46, 67"
QJJTQK,1221,10.0,"23, 26, 32, 37, 43, 53, 55, 64, 86, 95"
QJJTKJ,1311,10.0,"12, 14, 32, 39, 44, 48, 51, 57, 71, 77"
QJJTKK,1212,2.0,"33, 76"
QJJJTJ,1410,5.0,"28, 29, 38, 49, 98"
QJJJTK,1311,5.0,"29, 35, 39, 57, 62"
QJJJJJ,510,6.0,"51, 57, 69, 82, 93, 96"
QJJJJK,411,3.0,"31, 79, 83"
QJJJQJ,420,4.0,"39, 69, 89, 98"
QJJJQK,321,9.0,"19, 22, 39, 45, 54, 75, 81, 93, 94"
QJJJKJ,411,7.0,"22, 32, 43, 58, 71, 92, 95"
QJJJKK,312,3.0,"38, 69, 92"
QJJQTJ,1320,5.0,"33, 34, 49, 69, 91"
QJJQTK,1221,3.0,"44, 59, 73"
QJJQJJ,420,6.0,"11, 15, 23, 26, 47, 93"
QJJQJK,321,8.0,"12, 19, 22, 24, 43, 64, 87, 91"
QJJQQJ,330,7.0,"14, 44, 59, 71, 73, 79, 82"
QJJQQK,231,11.0,"14, 15, 18, 21, 32, 36, 47, 56, 59, 62, 69"
QJJQKJ,321,5.0,"12, 13, 43, 46, 69"
QJJQKK,222,5.0,"55, 61, 76, 85, 94"
QJJKTJ,1311,4.0,"27, 45, 63, 84"
QJJKTK,1212,9.0,"22, 25, 27, 33, 34, 42, 78, 94, 99"
QJJKJJ,411,6.0,"25, 61, 71, 77, 88, 98"
QJJKJK,312,5.0,"18, 23, 57, 78, 95"
QJJKQJ,321,7.0,"31, 33, 43, 66, 72, 85, 96"
QJJKQK,222,6.0,"25, 28, 35, 56, 74, 98"
QJJKKJ,312,6.0,"14, 15, 27, 42, 59, 69"
QJJKKK,213,6.0,"13, 18, 19, 34, 39, 99"
QJQTTJ,2220,7.0,"23, 37, 56, 59, 67, 82, 98"
QJQTTK,2121,5.0,"38, 51, 66, 77, 78"
QJQTJJ,1320,4.0,"28, 37, 66, 79"
QJQTJK,1221,6.0,"29, 64, 68, 73, 83, 91"
QJQTQJ,1230,10.0,"14, 15, 27, 45, 48, 57, 77, 87, 93, 96"
QJQTQK,1131,6.0,"13, 25, 55, 61, 76, 78"
QJQTKJ,1221,7.0,"22, 29, 32, 68, 73, 89, 91"
QJQTKK,1122,11.0,"15, 23, 24, 26, 27, 45, 47, 48, 51, 59, 78"
QJQJTJ,1320,10.0,"27, 34, 51, 55, 58, 63, 66, 85, 97, 99"
QJQJTK,1221,6.0,"28, 46, 49, 67, 89, 92"
QJQJJJ,420,6.0,"14, 36, 38, 41, 71, 77"
QJQJJK,321,5.0,"13, 16, 19, 76, 82"
QJQJQJ,330,5.0,"67, 73, 76, 82, 95"
QJQJQK,231,7.0,"23, 27, 56, 65, 74, 92, 99"
QJQJKJ,321,9.0,"16, 22, 39, 45, 52, 58, 72, 91, 93"
QJQJKK,222,7.0,"11, 19, 25, 35, 68, 85, 91"
QJQQTJ,1230,5.0,"26, 32, 38, 95, 99"
QJQQTK,1131,6.0,"45, 46, 64, 81, 85, 93"
QJQQJJ,330,7.0,"25, 34, 73, 76, 77, 86, 91"
QJQQJK,231,6.0,"29, 36, 44, 48, 93, 99"
QJQQQJ,240,8.0,"12, 13, 28, 61, 67, 91, 96, 97"
QJQQQK,141,4.0,"58, 67, 76, 97"
QJQQKJ,231,4.0,"11, 24, 48, 95"
QJQQKK,132,5.0,"21, 45, 67, 84, 96"
QJQKTJ,1221,7.0,"14, 37, 46, 62, 67, 89, 97"
QJQKTK,1122,7.0,"11, 21, 42, 51, 56, 66, 77"
QJQKJJ,321,8.0,"25, 37, 39, 48, 67, 79, 82, 91"
QJQKJK,222,6.0,"26, 28, 65, 74, 88, 98"
QJQKQJ,231,5.0,"12, 53, 71, 77, 93"
QJQKQK,132,7.0,"19, 27, 28, 51, 55, 84, 97"
QJQKKJ,222,6.0,"23, 41, 59, 79, 85, 97"
QJQKKK,123,11.0,"17, 18, 27, 54, 59, 62, 75, 77, 95, 96, 99"
QJKTTJ,2211,5.0,"27, 51, 57, 73, 97"
QJKTTK,2112,7.0,"16, 29, 43, 46, 77, 97, 98"
QJKTJJ,1311,8.0,"29, 32, 48, 71, 74, 83, 84, 99"
QJKTJK,1212,8.0,"21, 28, 42, 58, 67, 69, 75, 79"
QJKTQJ,1221,7.0,"13, 14, 22, 23, 32, 43, 47"
QJKTQK,1122,8.0,"21, 41, 51, 56, 63, 68, 77, 89"
QJKTKJ,1212,3.0,"28, 52, 87"
QJKTKK,1113,9.0,"14, 19, 26, 28, 53, 64, 65, 68, 89"
QJKJTJ,1311,7.0,"23, 32, 39, 41, 44, 48, 72"
QJKJTK,1212,3.0,"34, 75, 94"
QJKJJJ,411,9.0,"14, 46, 53, 58, 61, 67, 88, 94, 97"
QJKJJK,312,11.0,"11, 15, 18, 21, 26, 47, 53, 56, 74, 78, 87"
QJKJQJ,321,4.0,"37, 46, 54, 72"
QJKJQK,222,6.0,"13, 26, 44, 73, 89, 98"
QJKJKJ,312,11.0,"14, 21, 38, 48, 54, 56, 63, 66, 75, 96, 98"
QJKJKK,213,7.0,"13, 33, 46, 55, 61, 67, 91"
QJKQTJ,1221,6.0,"16, 23, 28, 37, 58, 95"
QJKQTK,1122,6.0,"14, 15, 56, 63, 65, 69"
QJKQJJ,321,8.0,"13, 16, 22, 24, 54, 64, 72, 79"
QJKQJK,222,9.0,"22, 32, 35, 41, 43, 59, 67, 95, 98"
QJKQQJ,231,7.0,"11, 32, 36, 59, 68, 95, 98"
QJKQQK,132,8.0,"25, 43, 73, 75, 79, 82, 96, 99"
QJKQKJ,222,6.0,"34, 43, 64, 68, 85, 86"
QJKQKK,123,6.0,"21, 27, 38, 53, 62, 86"
QJKKTJ,1212,6.0,"15, 19, 21, 34, 48, 49"
QJKKTK,1113,8.0,"41, 43, 59, 83, 86, 88, 92, 94"
QJKKJJ,312,6.0,"12, 27, 33, 53, 86, 89"
QJKKJK,213,5.0,"24, 25, 27, 34, 72"
QJKKQJ,222,6.0,"11, 29, 34, 56, 74, 76"
QJKKQK,123,7.0,"18, 32, 44, 54, 74, 83, 93"
QJKKKJ,213,3.0,"33, 34, 39"
QJKKKK,114,6.0,"14, 17, 28, 37, 76, 83"
QQTTTJ,3120,3.0,"74, 84, 96"
QQTTTK,3021,11.0,"15, 18, 22, 37, 39, 49, 61, 79, 84, 91, 96"
QQTTJJ,2220,4.0,"23, 56, 59, 73"
QQTTJK,2121,6.0,"38, 45, 51, 65, 89, 98"
QQTTQJ,2130,8.0,"15, 19, 27, 66, 75, 84, 85, 93"
QQTTQK,2031,6.0,"14, 26, 38, 49, 73, 76"
QQTTKJ,2121,5.0,"14, 27, 33, 95, 99"
QQTTKK,2022,4.0,"13, 58, 85, 94"
QQTJTJ,2220,5.0,"17, 52, 61, 71, 73"
QQTJTK,2121,4.0,"54, 71, 84, 92"
QQTJJJ,1320,6.0,"27, 33, 49, 82, 84, 97"
QQTJJK,1221,7.0,"17, 31, 34, 43, 44, 76, 82"
QQTJQJ,1230,9.0,"11, 18, 38, 41, 59, 68, 72, 78, 81"
QQTJQK,1131,7.0,"15, 22, 24, 37, 81, 91, 93"
QQTJKJ,1221,9.0,"11, 13, 44, 46, 56, 58, 59, 67, 95"
QQTJKK,1122,7.0,"15, 56, 57, 68, 69, 74, 98"
QQTQTJ,2130,2.0,"66, 81"
QQTQTK,2031,6.0,"13, 35, 38, 44, 56, 92"
QQTQJJ,1230,8.0,"14, 27, 62, 65, 74, 84, 92, 95"
QQTQJK,1131,2.0,"15, 58"
QQTQQJ,1140,9.0,"22, 25, 26, 32, 34, 37, 43, 49, 61"
QQTQQK,1041,4.0,"12, 63, 68, 81"
QQTQKJ,1131,4.0,"16, 52, 79, 93"
QQTQKK,1032,4.0,"11, 56, 58, 65"
QQTKTJ,2121,6.0,"26, 48, 56, 69, 72, 81"
QQTKTK,2022,2.0,"27, 66"
QQTKJJ,1221,3.0,"38, 65, 76"
QQTKJK,1122,7.0,"23, 24, 29, 51, 53, 56, 89"
QQTKQJ,1131,5.0,"15, 42, 49, 57, 72"
QQTKQK,1032,4.0,"17, 35, 73, 79"
QQTKKJ,1122,11.0,"14, 15, 23, 24, 35, 63, 65, 75, 92, 98, 99"
QQTKKK,1023,7.0,"36, 43, 66, 69, 73, 96, 97"
QQJTTJ,2220,9.0,"16, 23, 29, 46, 64, 67, 71, 73, 85"
QQJTTK,2121,7.0,"17, 18, 32, 41, 48, 57, 71"
QQJTJJ,1320,12.0,"22, 31, 34, 36, 51, 58, 66, 67, 73, 78, 79, 99"
QQJTJK,1221,8.0,"34, 37, 49, 55, 68, 76, 92, 98"
QQJTQJ,1230,6.0,"14, 23, 44, 56, 63, 83"
QQJTQK,1131,8.0,"27, 34, 37, 42, 54, 67, 72, 79"
QQJTKJ,1221,4.0,"31, 62, 65, 79"
QQJTKK,1122,6.0,"14, 32, 38, 54, 56, 57"
QQJJTJ,1320,10.0,"12, 22, 37, 48, 57, 58, 61, 69, 82, 85"
QQJJTK,1221,7.0,"23, 26, 35, 56, 68, 76, 79"
QQJJJJ,420,8.0,"11, 41, 68, 77, 84, 89, 96, 98"
QQJJJK,321,7.0,"31, 43, 49, 57, 58, 85, 91"
QQJJQJ,330,7.0,"11, 23, 26, 46, 56, 77, 92"
QQJJQK,231,7.0,"21, 23, 38, 45, 62, 66, 99"
QQJJKJ,321,3.0,"27, 75, 76"
QQJJKK,222,8.0,"13, 14, 28, 43, 52, 77, 91, 97"
QQJQTJ,1230,4.0,"65, 66, 78, 95"
QQJQTK,1131,6.0,"16, 33, 48, 54, 64, 78"
QQJQJJ,330,4.0,"29, 34, 47, 77"
QQJQJK,231,6.0,"32, 41, 42, 75, 84, 92"
QQJQQJ,240,3.0,"13, 36, 94"
QQJQQK,141,8.0,"41, 44, 46, 68, 79, 89, 95, 97"
QQJQKJ,231,4.0,"11, 15, 18, 62"
QQJQKK,132,8.0,"16, 24, 36, 39, 42, 46, 67, 72"
QQJKTJ,1221,8.0,"25, 31, 32, 34, 62, 77, 83, 89"
QQJKTK,1122,9.0,"26, 27, 33, 36, 44, 45, 53, 57, 75"
QQJKJJ,321,7.0,"31, 39, 52, 66, 69, 82, 85"
QQJKJK,222,2.0,"67, 77"
QQJKQJ,231,6.0,"15, 27, 41, 65, 74, 87"
QQJKQK,132,3.0,"22, 43, 58"
QQJKKJ,222,5.0,"19, 43, 64, 89, 91"
QQJKKK,123,4.0,"17, 33, 74, 83"
QQQTTJ,2130,6.0,"15, 46, 75, 82, 96, 99"
QQQTTK,2031,9.0,"31, 47, 58, 59, 77, 89, 91, 94, 97"
QQQTJJ,1230,8.0,"14, 44, 62, 63, 65, 83, 89, 93"
QQQTJK,1131,7.0,"12, 28, 31, 33, 36, 88, 99"
QQQTQJ,1140,13.0,"13, 14, 17, 26, 28, 32, 38, 47, 67, 76, 77, 89, 91"
QQQTQK,1041,5.0,"23, 26, 32, 54, 89"
QQQTKJ,1131,5.0,"13, 19, 34, 45, 75"
QQQTKK,1032,9.0,"23, 28, 29, 43, 53, 56, 62, 86, 98"
QQQJTJ,1230,9.0,"11, 12, 32, 33, 36, 56, 78, 81, 89"
QQQJTK,1131,4.0,"12, 19, 25, 36"
QQQJJJ,330,8.0,"53, 59, 64, 71, 76, 82, 83, 97"
QQQJJK,231,8.0,"23, 32, 36, 41, 78, 87, 93, 95"
QQQJQJ,240,6.0,"16, 46, 66, 72, 79, 91"
QQQJQK,141,4.0,"14, 55, 58, 61"
QQQJKJ,231,4.0,"12, 18, 26, 27"
QQQJKK,132,6.0,"13, 18, 21, 33, 82, 91"
QQQQTJ,1140,4.0,"11, 13, 64, 77"
QQQQTK,1041,5.0,"23, 32, 35, 47, 65"
QQQQJJ,240,5.0,"22, 28, 37, 85, 91"
QQQQJK,141,6.0,"11, 14, 19, 32, 53, 65"
QQQQQJ,150,5.0,"18, 33, 51, 62, 81"
QQQQQK,51,10.0,"24, 33, 39, 46, 58, 66, 67, 75, 78, 87"
QQQQKJ,141,3.0,"22, 35, 98"
QQQQKK,42,6.0,"15, 38, 63, 71, 87, 89"
QQQKTJ,1131,6.0,"27, 39, 58, 67, 75, 87"
QQQKTK,1032,8.0,"32, 52, 58, 59, 68, 77, 86, 94"
QQQKJJ,231,6.0,"26, 42, 51, 65, 66, 75"
QQQKJK,132,3.0,"61, 76, 82"
QQQKQJ,141,7.0,"14, 17, 43, 55, 77, 86, 98"
QQQKQK,42,9.0,"12, 15, 18, 32, 38, 42, 59, 75, 95"
QQQKKJ,132,7.0,"12, 24, 25, 33, 42, 49, 94"
QQQKKK,33,6.0,"17, 43, 55, 76, 83, 86"
QQKTTJ,2121,5.0,"15, 18, 59, 62, 87"
QQKTTK,2022,7.0,"42, 43, 55, 63, 69, 91, 97"
QQKTJJ,1221,6.0,"16, 47, 62, 89, 92, 95"
QQKTJK,1122,5.0,"12, 32, 41, 68, 89"
QQKTQJ,1131,5.0,"13, 24, 48, 72, 96"
QQKTQK,1032,5.0,"28, 58, 64, 86, 98"
QQKTKJ,1122,10.0,"11, 26, 38, 42, 44, 56, 57, 84, 87, 99"
QQKTKK,1023,12.0,"19, 24, 27, 49, 57, 64, 72, 79, 84, 93, 94, 97"
QQKJTJ,1221,4.0,"49, 65, 95, 98"
QQKJTK,1122,9.0,"14, 18, 26, 56, 57, 63, 65, 78, 98"
QQKJJJ,321,9.0,"16, 54, 57, 67, 75, 78, 85, 91, 94"
QQKJJK,222,7.0,"14, 26, 28, 73, 83, 86, 98"
QQKJQJ,231,8.0,"12, 14, 36, 38, 56, 59, 89, 96"
QQKJQK,132,8.0,"12, 46, 55, 63, 76, 84, 85, 91"
QQKJKJ,222,6.0,"19, 22, 25, 43, 52, 61"
QQKJKK,123,4.0,"62, 81, 86, 87"
QQKQTJ,1131,7.0,"16, 24, 34, 54, 75, 85, 99"
QQKQTK,1032,4.0,"11, 47, 59, 62"
QQKQJJ,231,8.0,"21, 45, 47, 56, 66, 69, 95, 96"
QQKQJK,132,8.0,"16, 18, 31, 39, 66, 73, 96, 97"
QQKQQJ,141,6.0,"17, 23, 31, 46, 55, 62"
QQKQQK,42,10.0,"15, 23, 27, 48, 59, 65, 66, 77, 81, 98"
QQKQKJ,132,7.0,"21, 25, 27, 64, 67, 78, 99"
QQKQKK,33,3.0,"44, 49, 53"
QQKKTJ,1122,7.0,"23, 27, 29, 33, 65, 66, 86"
QQKKTK,1023,5.0,"16, 22, 45, 76, 88"
QQKKJJ,222,3.0,"28, 77, 92"
QQKKJK,123,7.0,"15, 23, 35, 44, 75, 78, 83"
QQKKQJ,132,6.0,"13, 22, 28, 55, 67, 85"
QQKKQK,33,4.0,"31, 44, 58, 97"
QQKKKJ,123,5.0,"32, 48, 59, 72, 87"
QQKKKK,24,7.0,"16, 28, 39, 58, 72, 87, 94"
QKTTTJ,3111,5.0,"35, 38, 58, 74, 82"
QKTTTK,3012,7.0,"15, 33, 41, 44, 56, 83, 92"
QKTTJJ,2211,5.0,"16, 28, 37, 51, 52"
QKTTJK,2112,4.0,"11, 88, 91, 97"
QKTTQJ,2121,5.0,"14, 74, 87, 96, 99"
QKTTQK,2022,6.0,"33, 52, 57, 61, 72, 87"
QKTTKJ,2112,5.0,"13, 68, 88, 89, 94"
QKTTKK,2013,7.0,"11, 21, 24, 38, 53, 77, 84"
QKTJTJ,2211,3.0,"18, 64, 69"
QKTJTK,2112,6.0,"11, 32, 44, 61, 64, 68"
QKTJJJ,1311,4.0,"12, 17, 47, 89"
QKTJJK,1212,6.0,"16, 21, 22, 27, 46, 55"
QKTJQJ,1221,3.0,"37, 53, 83"
QKTJQK,1122,10.0,"11, 23, 27, 32, 35, 36, 71, 75, 81, 84"
QKTJKJ,1212,9.0,"15, 19, 39, 46, 64, 78, 91, 97, 99"
QKTJKK,1113,7.0,"52, 59, 62, 68, 74, 89, 97"
QKTQTJ,2121,6.0,"41, 65, 72, 74, 87, 99"
QKTQTK,2022,1.0,19
QKTQJJ,1221,5.0,"14, 25, 65, 67, 92"
QKTQJK,1122,8.0,"12, 41, 42, 51, 54, 63, 74, 87"
QKTQQJ,1131,5.0,"28, 63, 81, 82, 94"
QKTQQK,1032,7.0,"32, 53, 56, 68, 88, 91, 92"
QKTQKJ,1122,7.0,"26, 29, 36, 53, 57, 71, 87"
QKTQKK,1023,4.0,"21, 64, 84, 94"
QKTKTJ,2112,8.0,"14, 16, 17, 23, 28, 38, 59, 82"
QKTKTK,2013,8.0,"12, 21, 24, 29, 56, 66, 71, 93"
QKTKJJ,1212,7.0,"15, 33, 36, 46, 49, 82, 99"
QKTKJK,1113,7.0,"14, 26, 35, 47, 58, 68, 94"
QKTKQJ,1122,8.0,"42, 44, 54, 66, 71, 92, 93, 99"
QKTKQK,1023,9.0,"21, 24, 25, 31, 42, 52, 63, 75, 87"
QKTKKJ,1113,7.0,"11, 31, 35, 64, 68, 85, 98"
QKTKKK,1014,11.0,"17, 23, 24, 26, 27, 38, 41, 44, 51, 68, 92"
QKJTTJ,2211,5.0,"15, 34, 57, 72, 97"
QKJTTK,2112,5.0,"25, 34, 49, 92, 97"
QKJTJJ,1311,7.0,"15, 44, 51, 57, 62, 71, 74"
QKJTJK,1212,8.0,"12, 16, 21, 39, 55, 63, 67, 93"
QKJTQJ,1221,4.0,"23, 58, 61, 89"
QKJTQK,1122,5.0,"14, 18, 42, 44, 96"
QKJTKJ,1212,8.0,"24, 36, 45, 46, 58, 66, 78, 88"
QKJTKK,1113,5.0,"31, 35, 41, 61, 94"
QKJJTJ,1311,5.0,"11, 41, 47, 51, 77"
QKJJTK,1212,8.0,"22, 31, 43, 52, 78, 82, 94, 96"
QKJJJJ,411,7.0,"16, 38, 43, 59, 61, 71, 73"
QKJJJK,312,5.0,"35, 41, 45, 75, 92"
QKJJQJ,321,8.0,"15, 43, 45, 58, 66, 69, 85, 94"
QKJJQK,222,9.0,"14, 25, 29, 35, 52, 61, 62, 77, 88"
QKJJKJ,312,6.0,"36, 59, 63, 75, 84, 95"
QKJJKK,213,6.0,"19, 46, 66, 73, 75, 94"
QKJQTJ,1221,8.0,"23, 29, 44, 49, 55, 61, 91, 94"
QKJQTK,1122,7.0,"27, 29, 33, 47, 56, 69, 81"
QKJQJJ,321,5.0,"12, 31, 34, 61, 69"
QKJQJK,222,7.0,"11, 31, 62, 68, 86, 89, 92"
QKJQQJ,231,6.0,"18, 24, 38, 47, 53, 65"
QKJQQK,132,9.0,"22, 25, 39, 45, 46, 51, 57, 76, 91"
QKJQKJ,222,5.0,"37, 41, 58, 77, 83"
QKJQKK,123,4.0,"63, 77, 81, 93"
QKJKTJ,1212,7.0,"33, 39, 48, 79, 87, 93, 96"
QKJKTK,1113,8.0,"11, 14, 25, 34, 83, 85, 86, 98"
QKJKJJ,312,4.0,"11, 53, 56, 57"
QKJKJK,213,4.0,"25, 57, 67, 76"
QKJKQJ,222,6.0,"11, 25, 32, 46, 62, 76"
QKJKQK,123,9.0,"12, 21, 26, 33, 35, 56, 83, 86, 95"
QKJKKJ,213,8.0,"12, 19, 27, 45, 49, 73, 76, 79"
QKJKKK,114,10.0,"11, 19, 37, 38, 56, 58, 61, 65, 71, 95"
QKQTTJ,2121,11.0,"14, 21, 35, 38, 44, 51, 72, 78, 87, 89, 92"
QKQTTK,2022,8.0,"12, 19, 39, 64, 75, 76, 91, 96"
QKQTJJ,1221,4.0,"13, 34, 76, 91"
QKQTJK,1122,3.0,"36, 47, 54"
QKQTQJ,1131,7.0,"25, 33, 36, 58, 88, 94, 97"
QKQTQK,1032,4.0,"43, 65, 85, 98"
QKQTKJ,1122,4.0,"38, 42, 44, 92"
QKQTKK,1023,4.0,"19, 21, 85, 93"
QKQJTJ,1221,4.0,"17, 29, 86, 95"
QKQJTK,1122,8.0,"14, 23, 29, 38, 69, 71, 86, 95"
QKQJJJ,321,11.0,"16, 24, 25, 27, 31, 36, 37, 45, 58, 66, 99"
QKQJJK,222,9.0,"26, 37, 56, 65, 76, 89, 92, 95, 97"
QKQJQJ,231,5.0,"26, 32, 62, 74, 93"
QKQJQK,132,4.0,"18, 63, 66, 96"
QKQJKJ,222,10.0,"13, 19, 23, 32, 44, 59, 86, 89, 94, 98"
QKQJKK,123,7.0,"11, 21, 24, 56, 81, 92, 99"
QKQQTJ,1131,3.0,"37, 43, 72"
QKQQTK,1032,8.0,"14, 19, 41, 58, 79, 83, 95, 98"
QKQQJJ,231,7.0,"12, 33, 62, 63, 77, 86, 87"
QKQQJK,132,7.0,"16, 22, 33, 61, 79, 84, 85"
QKQQQJ,141,5.0,"17, 32, 58, 79, 88"
QKQQQK,42,7.0,"35, 48, 54, 59, 62, 75, 77"
QKQQKJ,132,8.0,"16, 28, 36, 45, 49, 63, 78, 91"
QKQQKK,33,9.0,"11, 17, 26, 31, 34, 49, 53, 67, 97"
QKQKTJ,1122,12.0,"18, 21, 23, 26, 42, 47, 63, 71, 87, 92, 93, 99"
QKQKTK,1023,9.0,"21, 34, 49, 61, 63, 69, 72, 93, 99"
QKQKJJ,222,4.0,"19, 29, 55, 86"
QKQKJK,123,4.0,"42, 53, 57, 75"
QKQKQJ,132,8.0,"22, 25, 27, 33, 34, 66, 75, 87"
QKQKQK,33,8.0,"16, 19, 43, 44, 47, 55, 59, 76"
QKQKKJ,123,5.0,"17, 29, 33, 65, 95"
QKQKKK,24,5.0,"13, 16, 21, 39, 49"
QKKTTJ,2112,4.0,"22, 47, 53, 58"
QKKTTK,2013,1.0,41
QKKTJJ,1212,7.0,"12, 27, 37, 42, 54, 93, 96"
QKKTJK,1113,7.0,"19, 23, 26, 29, 47, 65, 94"
QKKTQJ,1122,4.0,"38, 71, 81, 95"
QKKTQK,1023,7.0,"22, 43, 54, 55, 58, 72, 76"
QKKTKJ,1113,6.0,"22, 28, 41, 47, 55, 86"
QKKTKK,1014,10.0,"27, 41, 42, 45, 59, 62, 66, 78, 87, 96"
QKKJTJ,1212,4.0,"33, 49, 82, 87"
QKKJTK,1113,2.0,"43, 89"
QKKJJJ,312,10.0,"12, 23, 24, 48, 56, 59, 66, 86, 89, 92"
QKKJJK,213,7.0,"21, 31, 39, 64, 75, 76, 88"
QKKJQJ,222,4.0,"25, 32, 34, 47"
QKKJQK,123,9.0,"11, 23, 26, 27, 33, 71, 75, 78, 89"
QKKJKJ,213,8.0,"27, 33, 34, 43, 55, 73, 82, 96"
QKKJKK,114,2.0,"55, 85"
QKKQTJ,1122,6.0,"27, 47, 69, 84, 92, 95"
QKKQTK,1023,4.0,"16, 22, 51, 99"
QKKQJJ,222,6.0,"23, 32, 55, 59, 61, 95"
QKKQJK,123,4.0,"18, 45, 48, 71"
QKKQQJ,132,9.0,"13, 24, 51, 57, 66, 72, 73, 76, 87"
QKKQQK,33,10.0,"16, 22, 26, 43, 49, 61, 65, 74, 82, 89"
QKKQKJ,123,9.0,"11, 12, 18, 26, 27, 29, 72, 81, 98"
QKKQKK,24,4.0,"42, 48, 87, 91"
QKKKTJ,1113,2.0,"29, 77"
QKKKTK,1014,6.0,"12, 42, 65, 75, 77, 89"
QKKKJJ,213,7.0,"13, 19, 25, 42, 57, 91, 96"
QKKKJK,114,5.0,"14, 37, 49, 82, 95"
QKKKQJ,123,4.0,"21, 41, 56, 59"
QKKKQK,24,4.0,"19, 28, 37, 66"
QKKKKJ,114,7.0,"14, 16, 25, 32, 58, 73, 77"
QKKKKK,15,8.0,"17, 24, 36, 41, 57, 71, 72, 83"
KTTTTJ,4101,10.0,"25, 28, 33, 45, 75, 76, 84, 87, 91, 96"
KTTTTK,4002,10.0,"19, 28, 29, 47, 61, 65, 67, 89, 91, 98"
KTTTJJ,3201,4.0,"15, 18, 44, 51"
KTTTJK,3102,6.0,"16, 22, 37, 45, 69, 93"
KTTTQJ,3111,10.0,"13, 16, 17, 26, 31, 34, 49, 58, 59, 85"
KTTTQK,3012,7.0,"18, 47, 57, 68, 77, 78, 99"
KTTTKJ,3102,9.0,"18, 25, 31, 52, 61, 64, 69, 82, 94"
KTTTKK,3003,5.0,"23, 32, 79, 86, 89"
KTTJTJ,3201,6.0,"36, 38, 54, 66, 71, 98"
KTTJTK,3102,6.0,"34, 42, 49, 52, 78, 88"
KTTJJJ,2301,5.0,"13, 34, 46, 83, 98"
KTTJJK,2202,11.0,"26, 36, 39, 47, 59, 62, 66, 72, 78, 83, 89"
KTTJQJ,2211,9.0,"24, 37, 48, 51, 52, 58, 66, 75, 93"
KTTJQK,2112,9.0,"14, 17, 23, 37, 44, 49, 76, 83, 86"
KTTJKJ,2202,4.0,"27, 36, 45, 87"
KTTJKK,2103,7.0,"33, 55, 57, 61, 63, 67, 85"
KTTQTJ,3111,5.0,"47, 53, 59, 82, 85"
KTTQTK,3012,5.0,"18, 27, 45, 74, 84"
KTTQJJ,2211,5.0,"25, 28, 69, 78, 88"
KTTQJK,2112,6.0,"23, 47, 56, 68, 82, 89"
KTTQQJ,2121,6.0,"27, 29, 32, 33, 36, 41"
KTTQQK,2022,8.0,"19, 31, 33, 49, 54, 63, 66, 87"
KTTQKJ,2112,9.0,"14, 34, 49, 59, 77, 79, 83, 91, 98"
KTTQKK,2013,7.0,"18, 32, 51, 53, 71, 84, 93"
KTTKTJ,3102,7.0,"37, 49, 57, 61, 69, 88, 93"
KTTKTK,3003,4.0,"46, 53, 68, 94"
KTTKJJ,2202,8.0,"14, 39, 59, 66, 83, 87, 93, 96"
KTTKJK,2103,6.0,"19, 25, 28, 39, 75, 93"
KTTKQJ,2112,6.0,"16, 23, 26, 47, 77, 88"
KTTKQK,2013,3.0,"15, 29, 45"
KTTKKJ,2103,9.0,"12, 21, 22, 24, 27, 48, 49, 79, 99"
KTTKKK,2004,3.0,"14, 25, 94"
KTJTTJ,3201,9.0,"24, 32, 44, 47, 59, 74, 81, 83, 92"
KTJTTK,3102,7.0,"18, 24, 25, 46, 57, 81, 99"
KTJTJJ,2301,6.0,"14, 37, 38, 49, 52, 86"
KTJTJK,2202,5.0,"29, 36, 84, 93, 99"
KTJTQJ,2211,6.0,"15, 16, 46, 67, 84, 85"
KTJTQK,2112,4.0,"31, 58, 65, 82"
KTJTKJ,2202,7.0,"26, 56, 62, 65, 72, 83, 87"
KTJTKK,2103,10.0,"15, 22, 24, 58, 63, 67, 72, 81, 82, 94"
KTJJTJ,2301,4.0,"16, 26, 41, 76"
KTJJTK,2202,7.0,"12, 14, 32, 39, 83, 95, 96"
KTJJJJ,1401,7.0,"24, 33, 46, 51, 67, 73, 79"
KTJJJK,1302,5.0,"25, 31, 37, 86, 95"
KTJJQJ,1311,7.0,"15, 35, 38, 68, 78, 84, 95"
KTJJQK,1212,7.0,"12, 22, 28, 45, 58, 72, 78"
KTJJKJ,1302,7.0,"22, 43, 58, 77, 92, 94, 98"
KTJJKK,1203,5.0,"24, 57, 59, 95, 98"
KTJQTJ,2211,3.0,"42, 58, 94"
KTJQTK,2112,5.0,"16, 17, 23, 26, 71"
KTJQJJ,1311,7.0,"15, 27, 35, 45, 47, 51, 62"
KTJQJK,1212,9.0,"34, 48, 57, 66, 67, 82, 94, 97, 99"
KTJQQJ,1221,5.0,"25, 59, 68, 73, 83"
KTJQQK,1122,6.0,"36, 59, 81, 87, 95, 99"
KTJQKJ,1212,4.0,"16, 33, 36, 43"
KTJQKK,1113,7.0,"13, 25, 31, 34, 43, 91, 92"
KTJKTJ,2202,5.0,"15, 27, 57, 59, 87"
KTJKTK,2103,8.0,"12, 31, 33, 34, 66, 76, 85, 87"
KTJKJJ,1302,9.0,"13, 32, 37, 38, 44, 58, 76, 79, 86"
KTJKJK,1203,7.0,"11, 15, 41, 44, 53, 71, 98"
KTJKQJ,1212,5.0,"28, 39, 43, 46, 49"
KTJKQK,1113,7.0,"29, 46, 67, 68, 74, 79, 97"
KTJKKJ,1203,9.0,"14, 26, 29, 32, 41, 63, 74, 77, 81"
KTJKKK,1104,4.0,"51, 73, 75, 96"
KTQTTJ,3111,7.0,"29, 37, 38, 58, 59, 67, 82"
KTQTTK,3012,10.0,"36, 44, 54, 56, 59, 65, 68, 72, 93, 96"
KTQTJJ,2211,8.0,"22, 24, 27, 42, 69, 75, 79, 82"
KTQTJK,2112,4.0,"11, 32, 73, 89"
KTQTQJ,2121,1.0,99
KTQTQK,2022,7.0,"12, 36, 48, 57, 66, 67, 81"
KTQTKJ,2112,6.0,"17, 47, 53, 58, 83, 86"
KTQTKK,2013,4.0,"27, 32, 57, 92"
KTQJTJ,2211,4.0,"39, 45, 48, 81"
KTQJTK,2112,8.0,"13, 23, 26, 31, 67, 79, 94, 95"
KTQJJJ,1311,9.0,"17, 32, 33, 44, 48, 68, 78, 83, 89"
KTQJJK,1212,2.0,"69, 85"
KTQJQJ,1221,7.0,"13, 22, 23, 25, 35, 38, 64"
KTQJQK,1122,8.0,"11, 12, 33, 48, 54, 65, 89, 99"
KTQJKJ,1212,10.0,"19, 21, 28, 33, 37, 55, 72, 81, 93, 97"
KTQJKK,1113,8.0,"14, 17, 23, 32, 56, 65, 76, 88"
KTQQTJ,2121,7.0,"23, 29, 32, 48, 51, 59, 93"
KTQQTK,2022,10.0,"13, 21, 27, 36, 49, 64, 69, 72, 78, 82"
KTQQJJ,1221,10.0,"37, 43, 47, 55, 62, 65, 71, 91, 92, 95"
KTQQJK,1122,6.0,"35, 38, 47, 48, 59, 66"
KTQQQJ,1131,9.0,"13, 19, 34, 45, 49, 58, 75, 87, 91"
KTQQQK,1032,7.0,"17, 23, 26, 29, 37, 56, 91"
KTQQKJ,1122,3.0,"38, 56, 66"
KTQQKK,1023,11.0,"21, 33, 42, 58, 63, 64, 69, 76, 85, 93, 94"
KTQKTJ,2112,9.0,"16, 25, 34, 55, 59, 68, 79, 88, 95"
KTQKTK,2013,8.0,"11, 44, 56, 66, 71, 74, 75, 78"
KTQKJJ,1212,6.0,"19, 21, 28, 52, 67, 81"
KTQKJK,1113,4.0,"19, 28, 56, 77"
KTQKQJ,1122,3.0,"24, 38, 87"
KTQKQK,1023,5.0,"18, 27, 49, 67, 78"
KTQKKJ,1113,3.0,"25, 28, 91"
KTQKKK,1014,7.0,"33, 39, 44, 51, 68, 74, 89"
KTKTTJ,3102,3.0,"27, 42, 51"
KTKTTK,3003,11.0,"13, 22, 23, 46, 53, 55, 62, 82, 83, 86, 98"
KTKTJJ,2202,7.0,"23, 36, 41, 48, 65, 77, 81"
KTKTJK,2103,6.0,"16, 19, 25, 34, 45, 46"
KTKTQJ,2112,7.0,"31, 38, 55, 56, 89, 95, 98"
KTKTQK,2013,5.0,"21, 29, 38, 42, 56"
KTKTKJ,2103,8.0,"42, 43, 46, 54, 58, 75, 85, 88"
KTKTKK,2004,7.0,"19, 28, 44, 59, 73, 77, 92"
KTKJTJ,2202,9.0,"21, 38, 41, 63, 72, 77, 84, 87, 89"
KTKJTK,2103,9.0,"12, 24, 42, 43, 46, 75, 81, 82, 87"
KTKJJJ,1302,7.0,"25, 37, 44, 61, 65, 73, 91"
KTKJJK,1203,5.0,"36, 48, 69, 86, 96"
KTKJQJ,1212,7.0,"19, 37, 48, 61, 69, 85, 97"
KTKJQK,1113,6.0,"17, 25, 43, 85, 91, 95"
KTKJKJ,1203,6.0,"14, 24, 42, 57, 89, 99"
KTKJKK,1104,3.0,"16, 39, 43"
KTKQTJ,2112,5.0,"22, 38, 65, 79, 97"
KTKQTK,2013,8.0,"12, 26, 33, 41, 47, 54, 66, 68"
KTKQJJ,1212,8.0,"21, 43, 49, 55, 61, 64, 75, 78"
KTKQJK,1113,4.0,"34, 73, 86, 97"
KTKQQJ,1122,8.0,"11, 32, 36, 45, 53, 65, 87, 89"
KTKQQK,1023,3.0,"31, 66, 67"
KTKQKJ,1113,6.0,"11, 34, 35, 56, 73, 94"
KTKQKK,1014,8.0,"21, 35, 48, 71, 77, 81, 84, 89"
KTKKTJ,2103,7.0,"37, 39, 48, 57, 79, 85, 88"
KTKKTK,2004,7.0,"17, 32, 83, 91, 92, 97, 98"
KTKKJJ,1203,6.0,"14, 15, 23, 36, 45, 84"
KTKKJK,1104,4.0,"39, 43, 63, 91"
KTKKQJ,1113,9.0,"14, 29, 37, 41, 56, 65, 76, 83, 97"
KTKKQK,1014,11.0,"17, 26, 32, 45, 53, 56, 63, 74, 87, 93, 98"
KTKKKJ,1104,10.0,"19, 27, 28, 33, 58, 72, 73, 76, 82, 96"
KTKKKK,1005,9.0,"16, 29, 31, 56, 61, 65, 86, 88, 95"
KJTTTJ,3201,3.0,"36, 47, 57"
KJTTTK,3102,10.0,"28, 42, 49, 51, 61, 69, 72, 75, 82, 85"
KJTTJJ,2301,5.0,"17, 38, 61, 68, 94"
KJTTJK,2202,11.0,"14, 32, 33, 36, 56, 59, 66, 71, 77, 81, 84"
KJTTQJ,2211,5.0,"18, 22, 49, 55, 99"
KJTTQK,2112,6.0,"17, 22, 47, 67, 68, 83"
KJTTKJ,2202,4.0,"26, 38, 51, 89"
KJTTKK,2103,5.0,"31, 36, 37, 45, 57"
KJTJTJ,2301,7.0,"13, 14, 47, 59, 62, 67, 73"
KJTJTK,2202,5.0,"11, 39, 45, 47, 81"
KJTJJJ,1401,12.0,"25, 33, 37, 45, 48, 51, 57, 58, 67, 72, 81, 88"
KJTJJK,1302,7.0,"17, 23, 25, 46, 55, 59, 88"
KJTJQJ,1311,4.0,"41, 44, 69, 99"
KJTJQK,1212,5.0,"55, 63, 69, 79, 97"
KJTJKJ,1302,2.0,"11, 44"
KJTJKK,1203,7.0,"21, 33, 35, 48, 54, 89, 98"
KJTQTJ,2211,6.0,"18, 28, 45, 49, 72, 81"
KJTQTK,2112,4.0,"13, 37, 58, 83"
KJTQJJ,1311,7.0,"15, 39, 48, 51, 63, 81, 92"
KJTQJK,1212,9.0,"12, 28, 34, 39, 46, 48, 54, 72, 75"
KJTQQJ,1221,7.0,"14, 17, 25, 28, 38, 49, 73"
KJTQQK,1122,3.0,"12, 36, 63"
KJTQKJ,1212,6.0,"21, 33, 45, 63, 85, 93"
KJTQKK,1113,2.0,"26, 94"
KJTKTJ,2202,7.0,"21, 33, 38, 44, 48, 59, 93"
KJTKTK,2103,5.0,"39, 42, 72, 75, 91"
KJTKJJ,1302,5.0,"25, 26, 31, 73, 86"
KJTKJK,1203,5.0,"12, 23, 27, 35, 59"
KJTKQJ,1212,6.0,"12, 48, 69, 78, 82, 85"
KJTKQK,1113,4.0,"13, 19, 22, 83"
KJTKKJ,1203,9.0,"14, 26, 29, 32, 33, 42, 63, 77, 89"
KJTKKK,1104,4.0,"39, 69, 93, 97"
KJJTTJ,2301,9.0,"23, 28, 31, 41, 43, 46, 79, 86, 91"
KJJTTK,2202,8.0,"15, 18, 23, 26, 35, 63, 81, 93"
KJJTJJ,1401,1.0,22
KJJTJK,1302,5.0,"11, 23, 31, 79, 95"
KJJTQJ,1311,9.0,"18, 32, 39, 41, 51, 54, 77, 81, 83"
KJJTQK,1212,6.0,"15, 16, 19, 22, 28, 88"
KJJTKJ,1302,5.0,"11, 26, 37, 38, 65"
KJJTKK,1203,6.0,"12, 62, 66, 71, 87, 92"
KJJJTJ,1401,9.0,"19, 34, 45, 52, 63, 69, 72, 79, 97"
KJJJTK,1302,4.0,"11, 47, 56, 86"
KJJJJJ,501,3.0,"21, 44, 96"
KJJJJK,402,7.0,"19, 22, 27, 54, 66, 75, 97"
KJJJQJ,411,6.0,"13, 14, 16, 34, 55, 77"
KJJJQK,312,6.0,"32, 45, 62, 69, 77, 89"
KJJJKJ,402,9.0,"13, 24, 45, 61, 64, 66, 81, 88, 96"
KJJJKK,303,7.0,"23, 29, 64, 67, 85, 88, 92"
KJJQTJ,1311,3.0,"14, 69, 84"
KJJQTK,1212,9.0,"12, 21, 42, 45, 54, 66, 88, 96, 97"
KJJQJJ,411,9.0,"13, 14, 26, 46, 47, 64, 67, 92, 94"
KJJQJK,312,5.0,"38, 62, 66, 87, 89"
KJJQQJ,321,7.0,"12, 36, 39, 46, 52, 64, 76"
KJJQQK,222,7.0,"29, 37, 41, 74, 77, 83, 88"
KJJQKJ,312,5.0,"21, 53, 57, 69, 71"
KJJQKK,213,5.0,"19, 22, 43, 46, 51"
KJJKTJ,1302,13.0,"11, 17, 25, 26, 29, 31, 53, 55, 58, 64, 67, 82, 95"
KJJKTK,1203,6.0,"11, 18, 29, 65, 69, 77"
KJJKJJ,402,9.0,"24, 31, 39, 45, 58, 72, 88, 91, 97"
KJJKJK,303,7.0,"13, 29, 43, 61, 79, 83, 98"
KJJKQJ,312,6.0,"21, 36, 41, 53, 62, 75"
KJJKQK,213,5.0,"18, 25, 45, 52, 58"
KJJKKJ,303,5.0,"13, 17, 31, 46, 98"
KJJKKK,204,3.0,"11, 42, 53"
KJQTTJ,2211,5.0,"12, 45, 66, 73, 99"
KJQTTK,2112,7.0,"25, 31, 32, 47, 71, 77, 89"
KJQTJJ,1311,7.0,"17, 56, 59, 71, 81, 83, 92"
KJQTJK,1212,2.0,"15, 99"
KJQTQJ,1221,6.0,"11, 16, 44, 76, 83, 94"
KJQTQK,1122,9.0,"14, 29, 44, 53, 77, 84, 92, 93, 98"
KJQTKJ,1212,8.0,"22, 27, 34, 36, 63, 64, 66, 93"
KJQTKK,1113,7.0,"23, 47, 55, 64, 65, 79, 88"
KJQJTJ,1311,11.0,"18, 26, 29, 38, 44, 45, 57, 69, 72, 87, 95"
KJQJTK,1212,7.0,"21, 27, 28, 31, 37, 64, 97"
KJQJJJ,411,5.0,"25, 31, 49, 64, 91"
KJQJJK,312,7.0,"23, 33, 47, 77, 78, 86, 96"
KJQJQJ,321,8.0,"12, 15, 25, 33, 46, 48, 54, 55"
KJQJQK,222,5.0,"17, 35, 41, 55, 61"
KJQJKJ,312,8.0,"11, 12, 23, 59, 62, 68, 69, 93"
KJQJKK,213,6.0,"19, 28, 45, 67, 75, 94"
KJQQTJ,1221,11.0,"23, 37, 46, 53, 56, 61, 76, 86, 91, 95, 97"
KJQQTK,1122,4.0,"32, 63, 77, 89"
KJQQJJ,321,7.0,"12, 19, 25, 28, 48, 58, 96"
KJQQJK,222,6.0,"23, 52, 61, 65, 68, 95"
KJQQQJ,231,4.0,"11, 21, 36, 78"
KJQQQK,132,8.0,"22, 49, 54, 64, 72, 85, 93, 94"
KJQQKJ,222,8.0,"19, 26, 29, 52, 59, 64, 68, 85"
KJQQKK,123,3.0,"15, 78, 81"
KJQKTJ,1212,9.0,"15, 28, 43, 46, 49, 63, 66, 75, 94"
KJQKTK,1113,6.0,"31, 34, 35, 73, 86, 97"
KJQKJJ,312,8.0,"21, 35, 36, 59, 63, 77, 84, 87"
KJQKJK,213,11.0,"19, 27, 28, 42, 45, 54, 55, 57, 87, 88, 91"
KJQKQJ,222,7.0,"26, 28, 52, 61, 73, 89, 97"
KJQKQK,123,4.0,"23, 48, 72, 87"
KJQKKJ,213,5.0,"36, 67, 82, 93, 96"
KJQKKK,114,8.0,"11, 23, 34, 55, 67, 77, 85, 98"
KJKTTJ,2202,7.0,"21, 23, 26, 27, 33, 47, 99"
KJKTTK,2103,2.0,"79, 96"
KJKTJJ,1302,6.0,"37, 49, 56, 59, 68, 97"
KJKTJK,1203,6.0,"51, 56, 63, 66, 77, 99"
KJKTQJ,1212,4.0,"19, 21, 72, 93"
KJKTQK,1113,6.0,"37, 55, 68, 73, 76, 77"
KJKTKJ,1203,8.0,"15, 45, 48, 57, 63, 65, 77, 87"
KJKTKK,1104,5.0,"19, 21, 36, 94, 99"
KJKJTJ,1302,5.0,"17, 26, 59, 61, 64"
KJKJTK,1203,6.0,"27, 33, 44, 71, 75, 78"
KJKJJJ,402,8.0,"36, 48, 55, 58, 63, 69, 76, 97"
KJKJJK,303,5.0,"22, 53, 89, 95, 98"
KJKJQJ,312,8.0,"32, 33, 42, 47, 54, 57, 68, 84"
KJKJQK,213,4.0,"12, 36, 79, 87"
KJKJKJ,303,5.0,"29, 59, 67, 79, 89"
KJKJKK,204,5.0,"27, 41, 51, 59, 78"
KJKQTJ,1212,4.0,"19, 54, 55, 88"
KJKQTK,1113,3.0,"26, 46, 95"
KJKQJJ,312,12.0,"18, 23, 26, 27, 32, 33, 45, 51, 59, 65, 81, 86"
KJKQJK,213,6.0,"21, 31, 36, 76, 85, 88"
KJKQQJ,222,6.0,"17, 44, 55, 77, 79, 94"
KJKQQK,123,11.0,"12, 23, 27, 29, 32, 41, 71, 86, 92, 98, 99"
KJKQKJ,213,7.0,"12, 16, 28, 39, 63, 91, 93"
KJKQKK,114,5.0,"11, 52, 58, 59, 65"
KJKKTJ,1203,6.0,"18, 45, 57, 63, 69, 98"
KJKKTK,1104,7.0,"16, 18, 22, 25, 39, 43, 55"
KJKKJJ,303,10.0,"23, 29, 34, 37, 47, 55, 65, 74, 91, 98"
KJKKJK,204,6.0,"35, 44, 77, 84, 93, 96"
KJKKQJ,213,7.0,"21, 25, 31, 51, 73, 82, 88"
KJKKQK,114,7.0,"16, 23, 37, 58, 82, 85, 98"
KJKKKJ,204,10.0,"18, 35, 44, 51, 56, 66, 71, 75, 81, 92"
KJKKKK,105,6.0,"24, 43, 66, 69, 91, 97"
KQTTTJ,3111,8.0,"19, 29, 34, 56, 58, 61, 68, 85"
KQTTTK,3012,7.0,"12, 14, 15, 27, 33, 54, 95"
KQTTJJ,2211,5.0,"24, 33, 66, 69, 85"
KQTTJK,2112,4.0,"25, 58, 73, 86"
KQTTQJ,2121,7.0,"17, 18, 26, 36, 68, 72, 83"
KQTTQK,2022,4.0,"22, 64, 79, 81"
KQTTKJ,2112,6.0,"17, 37, 46, 76, 83, 94"
KQTTKK,2013,8.0,"14, 26, 32, 33, 53, 56, 74, 89"
KQTJTJ,2211,4.0,"36, 58, 82, 97"
KQTJTK,2112,5.0,"11, 23, 55, 77, 95"
KQTJJJ,1311,11.0,"11, 14, 17, 21, 36, 41, 45, 48, 63, 72, 74"
KQTJJK,1212,9.0,"15, 19, 34, 46, 48, 58, 63, 69, 79"
KQTJQJ,1221,6.0,"26, 46, 47, 53, 56, 71"
KQTJQK,1122,4.0,"21, 41, 45, 62"
KQTJKJ,1212,5.0,"16, 34, 52, 54, 82"
KQTJKK,1113,6.0,"32, 46, 67, 74, 85, 91"
KQTQTJ,2121,5.0,"15, 32, 39, 72, 81"
KQTQTK,2022,5.0,"27, 31, 45, 58, 96"
KQTQJJ,1221,8.0,"13, 16, 44, 46, 73, 91, 95, 98"
KQTQJK,1122,9.0,"12, 29, 38, 44, 45, 47, 68, 78, 81"
KQTQQJ,1131,4.0,"28, 37, 54, 57"
KQTQQK,1032,4.0,"43, 62, 77, 92"
KQTQKJ,1122,4.0,"21, 23, 77, 84"
KQTQKK,1023,7.0,"24, 25, 33, 57, 87, 94, 96"
KQTKTJ,2112,7.0,"14, 16, 47, 53, 56, 65, 86"
KQTKTK,2013,8.0,"14, 23, 24, 27, 38, 69, 86, 93"
KQTKJJ,1212,5.0,"31, 43, 48, 64, 75"
KQTKJK,1113,8.0,"31, 35, 47, 55, 61, 76, 77, 85"
KQTKQJ,1122,14.0,"21, 24, 26, 29, 35, 45, 48, 54, 63, 71, 77, 89, 95, 96"
KQTKQK,1023,9.0,"24, 45, 54, 57, 61, 67, 82, 87, 88"
KQTKKJ,1113,4.0,"19, 67, 88, 95"
KQTKKK,1014,10.0,"17, 18, 24, 27, 35, 53, 65, 72, 78, 93"
KQJTTJ,2211,8.0,"12, 16, 22, 34, 37, 46, 61, 69"
KQJTTK,2112,6.0,"13, 26, 44, 53, 58, 77"
KQJTJJ,1311,4.0,"11, 56, 59, 89"
KQJTJK,1212,8.0,"22, 33, 37, 45, 46, 58, 63, 91"
KQJTQJ,1221,7.0,"22, 29, 37, 73, 79, 91, 92"
KQJTQK,1122,3.0,"12, 62, 63"
KQJTKJ,1212,5.0,"16, 28, 42, 66, 82"
KQJTKK,1113,6.0,"29, 43, 62, 64, 67, 77"
KQJJTJ,1311,7.0,"18, 21, 35, 36, 45, 77, 92"
KQJJTK,1212,8.0,"13, 22, 42, 43, 61, 66, 87, 94"
KQJJJJ,411,5.0,"61, 77, 86, 92, 98"
KQJJJK,312,8.0,"11, 18, 41, 42, 53, 57, 66, 96"
KQJJQJ,321,5.0,"13, 22, 52, 85, 96"
KQJJQK,222,7.0,"22, 29, 41, 55, 58, 67, 73"
KQJJKJ,312,4.0,"12, 41, 51, 99"
KQJJKK,213,7.0,"22, 42, 51, 67, 73, 79, 93"
KQJQTJ,1221,10.0,"13, 22, 25, 46, 53, 61, 64, 68, 73, 91"
KQJQTK,1122,9.0,"27, 36, 38, 51, 57, 59, 68, 69, 92"
KQJQJJ,321,6.0,"19, 37, 48, 64, 76, 81"
KQJQJK,222,8.0,"22, 31, 34, 52, 79, 83, 92, 94"
KQJQQJ,231,14.0,"14, 15, 18, 21, 35, 36, 45, 53, 56, 57, 59, 78, 95, 98"
KQJQQK,132,5.0,"16, 39, 55, 78, 84"
KQJQKJ,222,7.0,"13, 19, 37, 64, 74, 83, 85"
KQJQKK,123,5.0,"23, 72, 89, 95, 96"
KQJKTJ,1212,6.0,"21, 49, 52, 76, 78, 93"
KQJKTK,1113,8.0,"11, 23, 35, 41, 46, 53, 88, 89"
KQJKJJ,312,8.0,"11, 12, 15, 23, 56, 89, 92, 95"
KQJKJK,213,5.0,"24, 54, 67, 76, 96"
KQJKQJ,222,11.0,"14, 17, 28, 31, 44, 62, 86, 88, 91, 94, 95"
KQJKQK,123,4.0,"18, 26, 65, 75"
KQJKKJ,213,5.0,"19, 24, 54, 61, 82"
KQJKKK,114,8.0,"17, 41, 44, 47, 59, 83, 94, 97"
KQQTTJ,2121,8.0,"15, 27, 33, 38, 62, 81, 84, 95"
KQQTTK,2022,8.0,"16, 22, 34, 36, 64, 78, 79, 81"
KQQTJJ,1221,8.0,"22, 23, 29, 55, 67, 68, 95, 97"
KQQTJK,1122,8.0,"23, 29, 42, 48, 71, 92, 95, 99"
KQQTQJ,1131,2.0,"31, 81"
KQQTQK,1032,8.0,"19, 29, 32, 43, 56, 79, 97, 98"
KQQTKJ,1122,3.0,"54, 62, 78"
KQQTKK,1023,6.0,"42, 46, 49, 52, 69, 72"
KQQJTJ,1221,8.0,"25, 28, 29, 38, 46, 59, 65, 98"
KQQJTK,1122,9.0,"23, 33, 47, 63, 68, 74, 75, 84, 89"
KQQJJJ,321,7.0,"13, 33, 42, 55, 69, 85, 93"
KQQJJK,222,4.0,"14, 61, 68, 83"
KQQJQJ,231,7.0,"12, 18, 42, 56, 63, 81, 96"
KQQJQK,132,5.0,"16, 21, 33, 52, 87"
KQQJKJ,222,6.0,"11, 17, 37, 56, 58, 92"
KQQJKK,123,6.0,"15, 48, 65, 75, 92, 99"
KQQQTJ,1131,4.0,"27, 46, 48, 49"
KQQQTK,1032,6.0,"25, 35, 37, 44, 74, 95"
KQQQJJ,231,6.0,"11, 47, 53, 71, 81, 87"
KQQQJK,132,9.0,"12, 16, 54, 58, 61, 66, 91, 97, 99"
KQQQQJ,141,5.0,"29, 43, 55, 68, 73"
KQQQQK,42,5.0,"17, 39, 62, 66, 99"
KQQQKJ,132,4.0,"34, 69, 82, 84"
KQQQKK,33,6.0,"29, 61, 71, 82, 88, 94"
KQQKTJ,1122,11.0,"27, 35, 42, 51, 59, 66, 75, 86, 87, 93, 96"
KQQKTK,1023,7.0,"19, 28, 33, 43, 75, 85, 87"
KQQKJJ,222,7.0,"19, 22, 29, 32, 55, 92, 94"
KQQKJK,123,6.0,"18, 62, 65, 72, 89, 92"
KQQKQJ,132,9.0,"13, 22, 31, 45, 52, 58, 61, 78, 79"
KQQKQK,33,4.0,"14, 52, 92, 94"
KQQKKJ,123,4.0,"53, 62, 65, 72"
KQQKKK,24,7.0,"21, 28, 37, 57, 63, 79, 97"
KQKTTJ,2112,3.0,"17, 58, 77"
KQKTTK,2013,7.0,"11, 29, 35, 57, 59, 81, 93"
KQKTJJ,1212,8.0,"24, 28, 43, 49, 58, 63, 81, 99"
KQKTJK,1113,7.0,"13, 31, 47, 58, 59, 65, 86"
KQKTQJ,1122,10.0,"27, 33, 35, 38, 41, 75, 78, 89, 93, 96"
KQKTQK,1023,6.0,"28, 34, 42, 75, 84, 97"
KQKTKJ,1113,5.0,"32, 61, 76, 77, 92"
KQKTKK,1014,8.0,"11, 45, 62, 71, 75, 78, 81, 95"
KQKJTJ,1212,9.0,"19, 21, 22, 28, 42, 45, 61, 75, 97"
KQKJTK,1113,6.0,"19, 62, 77, 83, 91, 98"
KQKJJJ,312,6.0,"12, 27, 32, 54, 66, 96"
KQKJJK,213,3.0,"22, 25, 52"
KQKJQJ,222,10.0,"11, 29, 34, 43, 46, 53, 59, 67, 92, 94"
KQKJQK,123,6.0,"27, 56, 71, 83, 84, 99"
KQKJKJ,213,4.0,"72, 88, 93, 97"
KQKJKK,114,7.0,"23, 47, 53, 56, 61, 86, 89"
KQKQTJ,1122,6.0,"12, 29, 32, 59, 66, 71"
KQKQTK,1023,8.0,"27, 34, 36, 49, 51, 79, 88, 97"
KQKQJJ,222,8.0,"17, 35, 37, 44, 46, 83, 88, 91"
KQKQJK,123,5.0,"33, 35, 39, 96, 98"
KQKQQJ,132,8.0,"22, 25, 57, 72, 78, 82, 93, 97"
KQKQQK,33,4.0,"17, 41, 49, 91"
KQKQKJ,123,10.0,"11, 26, 39, 44, 45, 54, 68, 77, 86, 93"
KQKQKK,24,4.0,"24, 43, 54, 91"
KQKKTJ,1113,7.0,"13, 23, 28, 37, 76, 92, 95"
KQKKTK,1014,4.0,"24, 56, 93, 96"
KQKKJJ,213,7.0,"13, 24, 28, 31, 61, 72, 73"
KQKKJK,114,8.0,"11, 25, 29, 47, 49, 67, 77, 85"
KQKKQJ,123,13.0,"15, 24, 45, 53, 57, 65, 66, 75, 77, 84, 87, 92, 99"
KQKKQK,24,7.0,"51, 58, 61, 76, 82, 93, 99"
KQKKKJ,114,6.0,"43, 44, 47, 62, 85, 94"
KQKKKK,15,9.0,"14, 21, 38, 47, 53, 69, 78, 95, 98"
KKTTTJ,3102,8.0,"12, 13, 18, 19, 27, 63, 84, 94"
KKTTTK,3003,5.0,"11, 22, 29, 64, 73"
KKTTJJ,2202,7.0,"48, 54, 57, 62, 72, 83, 95"
KKTTJK,2103,8.0,"21, 22, 28, 34, 45, 57, 58, 91"
KKTTQJ,2112,9.0,"16, 22, 29, 37, 44, 55, 56, 59, 76"
KKTTQK,2013,5.0,"35, 42, 54, 75, 98"
KKTTKJ,2103,7.0,"12, 25, 37, 61, 67, 82, 91"
KKTTKK,2004,8.0,"11, 17, 28, 34, 46, 47, 62, 67"
KKTJTJ,2202,9.0,"17, 18, 27, 32, 39, 41, 45, 83, 84"
KKTJTK,2103,7.0,"12, 13, 48, 57, 58, 61, 91"
KKTJJJ,1302,5.0,"37, 49, 67, 83, 97"
KKTJJK,1203,3.0,"12, 48, 89"
KKTJQJ,1212,7.0,"31, 48, 49, 55, 61, 67, 79"
KKTJQK,1113,4.0,"47, 52, 59, 64"
KKTJKJ,1203,4.0,"14, 15, 54, 98"
KKTJKK,1104,10.0,"12, 13, 27, 34, 45, 49, 51, 58, 75, 85"
KKTQTJ,2112,4.0,"11, 82, 83, 91"
KKTQTK,2013,6.0,"18, 21, 23, 56, 63, 86"
KKTQJJ,1212,5.0,"61, 81, 85, 88, 96"
KKTQJK,1113,2.0,"41, 86"
KKTQQJ,1122,6.0,"12, 14, 23, 62, 75, 84"
KKTQQK,1023,7.0,"31, 57, 75, 82, 88, 96, 99"
KKTQKJ,1113,5.0,"11, 19, 29, 46, 55"
KKTQKK,1014,8.0,"11, 17, 24, 38, 41, 51, 68, 95"
KKTKTJ,2103,10.0,"12, 27, 31, 36, 37, 42, 57, 63, 66, 94"
KKTKTK,2004,8.0,"25, 26, 31, 53, 61, 68, 85, 91"
KKTKJJ,1203,7.0,"18, 66, 69, 74, 77, 95, 96"
KKTKJK,1104,3.0,"12, 76, 82"
KKTKQJ,1113,6.0,"19, 25, 55, 67, 73, 94"
KKTKQK,1014,6.0,"11, 45, 56, 63, 74, 81"
KKTKKJ,1104,5.0,"36, 45, 55, 63, 97"
KKTKKK,1005,3.0,"23, 49, 65"
KKJTTJ,2202,2.0,"26, 77"
KKJTTK,2103,5.0,"19, 33, 43, 52, 93"
KKJTJJ,1302,9.0,"16, 17, 23, 32, 35, 46, 71, 89, 91"
KKJTJK,1203,4.0,"63, 78, 89, 96"
KKJTQJ,1212,12.0,"13, 36, 37, 49, 52, 58, 78, 79, 93, 94, 96, 99"
KKJTQK,1113,9.0,"22, 25, 35, 47, 61, 64, 74, 88, 91"
KKJTKJ,1203,10.0,"11, 18, 21, 27, 38, 42, 57, 62, 68, 69"
KKJTKK,1104,10.0,"13, 19, 25, 27, 31, 54, 72, 78, 82, 97"
KKJJTJ,1302,6.0,"22, 56, 73, 77, 91, 97"
KKJJTK,1203,9.0,"12, 15, 36, 38, 54, 57, 77, 78, 81"
KKJJJJ,402,8.0,"13, 19, 22, 48, 57, 63, 96, 97"
KKJJJK,303,5.0,"31, 34, 46, 62, 97"
KKJJQJ,312,4.0,"24, 29, 38, 78"
KKJJQK,213,6.0,"16, 18, 42, 51, 58, 84"
KKJJKJ,303,10.0,"11, 25, 29, 43, 55, 64, 76, 79, 86, 94"
KKJJKK,204,10.0,"18, 29, 32, 41, 53, 68, 71, 78, 83, 92"
KKJQTJ,1212,5.0,"16, 37, 46, 48, 54"
KKJQTK,1113,4.0,"37, 52, 79, 94"
KKJQJJ,312,4.0,"11, 18, 56, 86"
KKJQJK,213,2.0,"39, 51"
KKJQQJ,222,11.0,"13, 23, 44, 46, 53, 67, 74, 76, 89, 91, 95"
KKJQQK,123,6.0,"17, 41, 65, 72, 93, 98"
KKJQKJ,213,5.0,"21, 55, 67, 82, 91"
KKJQKK,114,7.0,"16, 52, 59, 73, 85, 91, 95"
KKJKTJ,1203,6.0,"23, 29, 32, 33, 92, 99"
KKJKTK,1104,9.0,"27, 49, 54, 58, 72, 73, 84, 87, 97"
KKJKJJ,303,7.0,"26, 44, 47, 62, 65, 73, 97"
KKJKJK,204,7.0,"21, 74, 78, 84, 89, 93, 99"
KKJKQJ,213,11.0,"16, 18, 28, 33, 36, 51, 61, 72, 82, 87, 96"
KKJKQK,114,4.0,"14, 38, 55, 83"
KKJKKJ,204,5.0,"26, 38, 63, 75, 77"
KKJKKK,105,6.0,"22, 55, 61, 66, 69, 81"
KKQTTJ,2112,6.0,"29, 58, 59, 61, 88, 95"
KKQTTK,2013,4.0,"23, 36, 66, 95"
KKQTJJ,1212,4.0,"15, 22, 36, 79"
KKQTJK,1113,3.0,"13, 22, 37"
KKQTQJ,1122,13.0,"12, 14, 15, 23, 29, 41, 48, 53, 63, 78, 84, 89, 92"
KKQTQK,1023,8.0,"16, 27, 28, 54, 61, 88, 91, 96"
KKQTKJ,1113,5.0,"32, 47, 61, 76, 88"
KKQTKK,1014,11.0,"11, 17, 18, 26, 56, 65, 72, 74, 87, 96, 99"
KKQJTJ,1212,5.0,"54, 55, 58, 72, 79"
KKQJTK,1113,2.0,"77, 88"
KKQJJJ,312,1.0,96
KKQJJK,213,4.0,"42, 43, 46, 57"
KKQJQJ,222,6.0,"19, 29, 61, 73, 88, 98"
KKQJQK,123,6.0,"15, 17, 35, 51, 78, 92"
KKQJKJ,213,12.0,"24, 28, 31, 34, 52, 54, 57, 64, 66, 72, 84, 94"
KKQJKK,114,9.0,"11, 31, 32, 41, 64, 74, 82, 88, 94"
KKQQTJ,1122,10.0,"12, 18, 24, 42, 45, 47, 51, 66, 68, 86"
KKQQTK,1023,10.0,"13, 21, 42, 43, 51, 58, 69, 75, 76, 87"
KKQQJJ,222,9.0,"13, 17, 35, 41, 56, 59, 79, 83, 98"
KKQQJK,123,9.0,"18, 24, 29, 32, 53, 71, 75, 84, 98"
KKQQQJ,132,7.0,"13, 24, 52, 61, 64, 75, 96"
KKQQQK,33,4.0,"16, 22, 62, 89"
KKQQKJ,123,9.0,"24, 33, 39, 57, 74, 78, 83, 86, 95"
KKQQKK,24,4.0,"24, 37, 66, 76"
KKQKTJ,1113,5.0,"35, 52, 59, 68, 74"
KKQKTK,1014,6.0,"11, 12, 44, 53, 65, 74"
KKQKJJ,213,7.0,"12, 16, 45, 52, 76, 87, 97"
KKQKJK,114,6.0,"37, 38, 59, 65, 67, 95"
KKQKQJ,123,8.0,"15, 17, 48, 59, 72, 83, 92, 99"
KKQKQK,24,5.0,"21, 22, 39, 42, 96"
KKQKKJ,114,8.0,"22, 23, 44, 47, 56, 67, 86, 91"
KKQKKK,15,2.0,"47, 54"
KKKTTJ,2103,3.0,"16, 72, 81"
KKKTTK,2004,3.0,"56, 85, 86"
KKKTJJ,1203,7.0,"15, 21, 23, 69, 96, 98, 99"
KKKTJK,1104,8.0,"18, 22, 31, 33, 49, 63, 64, 78"
KKKTQJ,1113,5.0,"28, 29, 47, 61, 91"
KKKTQK,1014,5.0,"17, 24, 41, 45, 99"
KKKTKJ,1104,15.0,"13, 16, 19, 22, 25, 31, 39, 54, 57, 66, 67, 78, 79, 87, 96"
KKKTKK,1005,7.0,"34, 55, 58, 62, 76, 94, 97"
KKKJTJ,1203,6.0,"29, 56, 69, 75, 81, 92"
KKKJTK,1104,6.0,"22, 31, 55, 64, 79, 99"
KKKJJJ,303,6.0,"29, 32, 44, 61, 76, 95"
KKKJJK,204,8.0,"42, 44, 51, 65, 66, 77, 83, 86"
KKKJQJ,213,6.0,"27, 28, 34, 63, 72, 78"
KKKJQK,114,3.0,"14, 56, 64"
KKKJKJ,204,3.0,"11, 12, 68"
KKKJKK,105,6.0,"18, 21, 28, 49, 54, 66"
KKKQTJ,1113,9.0,"13, 22, 25, 31, 41, 44, 52, 64, 79"
KKKQTK,1014,6.0,"15, 42, 48, 75, 77, 86"
KKKQJJ,213,7.0,"21, 28, 39, 72, 76, 79, 99"
KKKQJK,114,2.0,"61, 74"
KKKQQJ,123,9.0,"17, 32, 39, 42, 62, 63, 77, 95, 96"
KKKQQK,24,7.0,"18, 33, 42, 58, 75, 85, 99"
KKKQKJ,114,6.0,"17, 22, 53, 61, 64, 89"
KKKQKK,15,6.0,"12, 21, 27, 38, 41, 83"
KKKKTJ,1104,11.0,"19, 21, 49, 51, 54, 61, 69, 72, 82, 88, 97"
KKKKTK,1005,8.0,"19, 43, 52, 58, 61, 86, 89, 94"
KKKKJJ,204,10.0,"21, 24, 26, 29, 32, 35, 68, 75, 92, 95"
KKKKJK,105,12.0,"13, 37, 42, 49, 54, 61, 64, 75, 84, 85, 93, 97"
KKKKQJ,114,8.0,"14, 23, 26, 44, 47, 73, 83, 97"
KKKKQK,15,3.0,"38, 89, 96"
KKKKKJ,105,6.0,"18, 24, 25, 49, 52, 81"
KKKKKK,6,5.0,"11, 29, 88, 92, 97"
